"충전소명",충전소위치상세,설치시도명,휴점일,이용가능시작시각,이용가능종료시각,완속충전가능여부,급속충전가능여부,급속충전타입구분,완속충전기대수,급속충전기대수,주차료부과여부,소재지도로명주소,소재지지번주소,관리업체명,관리업체전화번호,위도,경도,데이터기준일자
"제주도청 1청사",본관주차장,제주특별자치도,연중무휴,00:00,23:59,N,Y,,,,N,제주특별자치도 제주시 문연로 6,제주특별자치도 제주시 연동 312-1,환경부(한국자동차환경협회),,33.4888341,126.4980797,2018-07-03
"제주시청",입구 좌측 주차장,제주특별자치도,연중무휴,00:00,23:59,N,Y,,,,N,제주특별자치도 제주시 광양9길 10,제주특별자치도 제주시 이도2동 1176-1,환경부(한국자동차환경협회),,33.4999974,126.5319439,2018-07-03
"제주도청 제2청사",제2청사 입구 좌측 본관 주차장,제주특별자치도,연중무휴,00:00,23:59,N,Y,,,,N,제주특별자치도 제주시 문연로 30,제주특별자치도 제주시 연동 322-1,환경부(한국자동차환경협회),,33.4890071,126.5006816,2018-07-03
"제주애월읍사무소",본관주차장,제주특별자치도,연중무휴,00:00,23:59,N,Y,,,,N,제주특별자치도 제주시 애월읍 일주서로 6322,제주특별자치도 제주시 애월읍 애월리 240,환경부(한국자동차환경협회),,33.466277,126.3511114,2018-07-03
"구좌읍사무소",주차장,제주특별자치도,연중무휴,00:00,23:59,N,Y,,,,N,제주특별자치도 제주시 구좌읍 일주동로 3116,제주특별자치도 제주시 구좌읍 세화리 1561-7,환경부(한국자동차환경협회),,33.5225439,126.8520848,2018-07-03
"산굼부리",본관주차장,제주특별자치도,연중무휴,00:00,23:59,N,Y,,,,N,제주특별자치도 제주시 조천읍 비자림로 768,제주특별자치도 제주시 조천읍 교래리 342-2,환경부(한국자동차환경협회),,33.4349076,126.6885996,2018-07-03
"한경면체육관",본관주차장,제주특별자치도,연중무휴,00:00,23:59,N,Y,,,,N,제주특별자치도 제주시 한경면 칠전로 41,제주특별자치도 제주시 한경면 고산리 1881-2,환경부(한국자동차환경협회),,33.3014102,126.1845554,2018-07-03
"한라도서관",본관주차장,제주특별자치도,연중무휴,00:00,23:59,N,Y,,,,N,제주특별자치도 제주시 오남로 221,제주특별자치도 제주시 오라이동 899-3,환경부(한국자동차환경협회),,33.4763664,126.516046,2018-07-03
"거문오름",소형주차장,제주특별자치도,연중무휴,00:00,23:59,N,Y,,,,N,제주특별자치도 제주시 조천읍 선교로 569-36,제주특별자치도 제주시 조천읍 선흘리 478,환경부(한국자동차환경협회),,33.4570307,126.7142999,2018-07-03
"동백동산습지센터",주차장,제주특별자치도,연중무휴,00:00,23:59,N,Y,,,,N,제주특별자치도 제주시 조천읍 선흘리 산12,,환경부(한국자동차환경협회),,33.5142094,126.718764,2018-07-03
"어리목휴게소",오른쪽 화장실 앞,제주특별자치도,연중무휴,00:00,23:59,N,Y,,,,N,제주특별자치도 제주시 1100로 2070-61,제주특별자치도 제주시 해안동 220-13,환경부(한국자동차환경협회),,33.3922314,126.4945663,2018-07-03
"제주현대미술관",입구 주차장 D구역,제주특별자치도,연중무휴,00:00,23:59,N,Y,,,,N,제주특별자치도 제주시 한경면 저지리 2114-82,,환경부(한국자동차환경협회),,33.338432,126.2659642,2018-07-03
"관음사지구안내소",좌측 잔디주차장,제주특별자치도,연중무휴,00:00,23:59,N,Y,,,,N,제주특별자치도 제주시 산록북로 660,제주특별자치도 제주시 아라1동 387,환경부(한국자동차환경협회),,33.4217169,126.5588129,2018-07-03
"비자림",주차장 좌측 화장실 앞,제주특별자치도,연중무휴,00:00,23:59,N,Y,,,,N,제주특별자치도 제주시 구좌읍 비자숲길 55,제주특별자치도 제주시 구좌읍 평대리 3161-1,환경부(한국자동차환경협회),,33.4913168,126.8113883,2018-07-03
"제주소방서 항만119센터",주차장,제주특별자치도,연중무휴,00:00,23:59,N,Y,,,,N,제주특별자치도 제주시 임항로 146,제주특별자치도 제주시 건입동 902-2,환경부(한국자동차환경협회),,33.5201279,126.5393656,2018-07-03
"노형동주민센터",주차장,제주특별자치도,연중무휴,00:00,23:59,N,Y,,,,N,제주특별자치도 제주시 노형9길 9-4,제주특별자치도 제주시 노형동 3793-1,환경부(한국자동차환경협회),,33.4771889,126.4742632,2018-07-03
"방송통신융합센터",주차장,제주특별자치도,연중무휴,00:00,23:59,N,Y,,,,N,제주특별자치도 제주시 첨단로 241,제주특별자치도 제주시 영평동 2231-1,환경부(한국자동차환경협회),,33.4564727,126.5714479,2018-07-03
"삼양동주민센터",주차장,제주특별자치도,연중무휴,00:00,23:59,N,Y,,,,N,제주특별자치도 제주시 지석13길 6,제주특별자치도 제주시 삼양2동 2136-9,환경부(한국자동차환경협회),,33.5218396,126.5857081,2018-07-03
"녹고뫼안트레안내센터",도로쪽 주차장,제주특별자치도,연중무휴,00:00,23:59,N,Y,,,,N,제주특별자치도 제주시 애월읍 녹고메길 165,제주특별자치도 제주시 애월읍 유수암리 1178-1,환경부(한국자동차환경협회),,33.408712,126.4068171,2018-07-03
"돌문화공원",장애인주차장 2번,제주특별자치도,연중무휴,00:00,23:59,N,Y,,,,N,제주특별자치도 제주시 조천읍 남조로 2023,제주특별자치도 제주시 조천읍 산 101,환경부(한국자동차환경협회),,33.4417685,126.6666615,2018-07-03
"봉성리종합복지회관",주차장,제주특별자치도,연중무휴,00:00,23:59,N,Y,,,,N,제주특별자치도 제주시 애월읍 봉성로 105,제주특별자치도 제주시 애월읍 봉성리 3808-6,환경부(한국자동차환경협회),,33.4221038,126.3124995,2018-07-03
"제주종합경기장1",실내수영장 앞 주차장,제주특별자치도,연중무휴,00:00,23:59,N,Y,,,,N,제주특별자치도 제주시 서광로2길 24,제주특별자치도 제주시 오라1동 1137,환경부(한국자동차환경협회),,33.4949885,126.5189264,2018-07-03
"쇠소깍 공영주차장",쇠소깍 끝 주차장,제주특별자치도,연중무휴,00:00,23:59,N,Y,,,,N,제주특별자치도 서귀포시 쇠소깍로 104,제주특별자치도 서귀포시 하효동 990-1,환경부(한국자동차환경협회),,33.2542498,126.6224923,2018-07-03
"생물종다양성연구소",입구 왼쪽,제주특별자치도,연중무휴,00:00,23:59,N,Y,,,,N,제주특별자치도 서귀포시 남원읍 신례동로 338,제주특별자치도 서귀포시 신례리 2162-43,환경부(한국자동차환경협회),,33.3005604,126.6368304,2018-07-03
"제주종합경기장2",애향운동장 앞 주차장,제주특별자치도,연중무휴,00:00,23:59,N,Y,,,,N,제주특별자치도 제주시 서광로2길 24,제주특별자치도 제주시 오라1동 1137,환경부(한국자동차환경협회),,33.4949885,126.5189264,2018-07-03
"외도동 주민센터",주차장,제주특별자치도,연중무휴,00:00,23:59,N,Y,,,,N,제주특별자치도 제주시 일주서로 7350,제주특별자치도 제주시 외도이동 233-4,환경부(한국자동차환경협회),,33.4929556,126.4322517,2018-07-03
"건입동 주민센터",주차장,제주특별자치도,연중무휴,00:00,23:59,N,Y,,,,N,제주특별자치도 제주시 만덕로 18,제주특별자치도 제주시 건입동 1189-2,환경부(한국자동차환경협회),,33.5150116,126.5315988,2018-07-03
"해군호텔",주차장,제주특별자치도,연중무휴,00:00,23:59,N,Y,,,,N,제주특별자치도 제주시 해안마을서2길 19,제주특별자치도 제주시 해안동 2378-1,환경부(한국자동차환경협회),,33.4590325,126.448717,2018-07-03
"제주농업기술센터",주차장,제주특별자치도,연중무휴,00:00,23:59,N,Y,,,,N,제주특별자치도 제주시 애월읍 상귀길 173,제주특별자치도 제주시 애월읍 상귀리 750,환경부(한국자동차환경협회),,33.4592643,126.403769,2018-07-03
"만장굴",주차장,제주특별자치도,연중무휴,00:00,23:59,N,Y,,,,N,제주특별자치도 제주시 구좌읍 만장굴길 182,제주특별자치도 제주시 월정리 산 41-5,환경부(한국자동차환경협회),,33.5291000,126.7714308,2018-07-03
"성판악",주차장,제주특별자치도,연중무휴,00:00,23:59,N,Y,,,,N,제주특별자치도 제주시 조천읍 516로 1865,제주특별자치도 제주시 조천읍 교래리 산 137-24,환경부(한국자동차환경협회),,33.3848518,126.6195473,2018-07-03
"도남1차e편한세상아파트",주차장,제주특별자치도,연중무휴,00:00,23:59,N,Y,,,,N,제주특별자치도 제주시 오남로 7-13,제주특별자치도 제주시 도남동 800,환경부(한국자동차환경협회),,33.4949748,126.5226164,2018-07-03
"민속자연사박물관",주차장,제주특별자치도,연중무휴,00:00,23:59,N,Y,,,,N,제주특별자치도 제주시 삼성로 40,제주특별자치도 제주시 일도이동 996-1,환경부(한국자동차환경협회),,33.5061399,126.5316454,2018-07-03
"한라생태숲",한라생태숲관리연구소,제주특별자치도,연중무휴,00:00,23:59,N,Y,,,,N,제주특별자치도 제주시 516로 2596,제주특별자치도 제주시 용강동 산 14-1,환경부(한국자동차환경협회),,33.430924,126.595761,2018-07-03
"제주특별자치도 인재개발원",주차장,제주특별자치도,연중무휴,00:00,23:59,N,Y,,,,N,제주특별자치도 제주시 산천단동길 26,제주특별자치도 제주시 아라일동 368-20,환경부(한국자동차환경협회),,33.4468976,126.5601614,2018-07-03
"외도부영2차아파트",주차장,제주특별자치도,연중무휴,00:00,23:59,N,Y,,,,N,제주특별자치도 제주시 우평로 318,제주특별자치도 제주시 외도일동 560-2,환경부(한국자동차환경협회),,33.4849821,126.4329506,2018-07-03
"교래자연휴양림",주차장,제주특별자치도,연중무휴,00:00,23:59,N,Y,,,,N,제주특별자치도 제주시 조천읍 남조로 2023,제주특별자치도 제주시 조천읍 교래리 산 95,환경부(한국자동차환경협회),,33.4417685,126.6666615,2018-07-03
"신천지아파트",주차장,제주특별자치도,연중무휴,00:00,23:59,N,Y,,,,N,제주특별자치도 제주시 천수로 72,제주특별자치도 제주시 일도이동 47-1,환경부(한국자동차환경협회),,33.5044984,126.5442752,2018-07-03
"설문대여성문화센터",주차장,제주특별자치도,연중무휴,00:00,23:59,N,Y,,,,N,제주특별자치도 제주시 선덕로 8길 12,제주특별자치도 제주시 연동 324-10,환경부(한국자동차환경협회),,33.4844207,126.500595,2018-07-03
"봉개동 주민센터",주차장,제주특별자치도,연중무휴,00:00,23:59,N,Y,,,,N,제주특별자치도 제주시 봉개북1길 15,제주특별자치도 제주시 봉개동 1824-1,환경부(한국자동차환경협회),,33.4917114,126.5948784,2018-07-03
"보건환경연구원",주차장,제주특별자치도,연중무휴,00:00,23:59,N,Y,,,,N,제주특별자치도 제주시 삼동길 41,제주특별자치도 제주시 연동 1452-1,환경부(한국자동차환경협회),,33.4798486,126.4951395,2018-07-03
"추자면사무소",주차장,제주특별자치도,연중무휴,00:00,23:59,N,Y,,,,N,제주특별자치도 제주시 추자면 추자로 26,제주특별자치도 제주시 대서리 19-1,환경부(한국자동차환경협회),,33.963599,126.2961362,2018-07-03
"자치경찰단",주차장,제주특별자치도,연중무휴,00:00,23:59,N,Y,,,,N,제주특별자치도 제주시 기자길 7,제주특별자치도 제주시 아라이동 1371-2,환경부(한국자동차환경협회),,33.4850238,126.5442901,2018-07-03
"환경성질환예방관리센터",주차장,제주특별자치도,연중무휴,00:00,23:59,N,Y,,,,N,제주특별자치도 제주시 구좌읍 다랑쉬북로 68-92,제주특별자치도 제주시 구좌읍 평대리 2981,환경부(한국자동차환경협회),,33.4845806,126.8321006,2018-07-03
"애월도서관",주차장,제주특별자치도,연중무휴,00:00,23:59,N,Y,,,,N,제주특별자치도 제주시 애월읍 일주서로 6339,제주특별자치도 제주시 애월읍 고내리 1364,환경부(한국자동차환경협회),,33.4633203,126.3313846,2018-07-03
"제주농업기술원",민원인 주차장 안쪽,제주특별자치도,연중무휴,00:00,23:59,N,Y,,,,N,제주특별자치도 서귀포시 중산간서로 212,제주특별자치도 서귀포시 강정동 3458,환경부(한국자동차환경협회),,33.2613191,126.4890452,2018-07-03
"성산읍사무소",본관주차장,제주특별자치도,연중무휴,00:00,23:59,N,Y,,,,N,제주특별자치도 서귀포시 성산읍 일주동로 4330,제주특별자치도 서귀포시 성산읍 고성리 1023-2,환경부(한국자동차환경협회),,33.416346,126.889907,2018-07-03
"표선면사무소",주차장,제주특별자치도,연중무휴,00:00,23:59,N,Y,,,,N,제주특별자치도 서귀포시 표선면 표선중앙로 74,제주특별자치도 서귀포시 표선면 표선리 701,환경부(한국자동차환경협회),,33.3262254,126.8321113,2018-07-03
"대정읍사무소",본관주차장,제주특별자치도,연중무휴,00:00,23:59,N,Y,,,,N,제주특별자치도 서귀포시 대정읍 하모중앙로 20,제주특별자치도 서귀포시 대정읍 하모리 1413,환경부(한국자동차환경협회),,33.2267537,126.2520832,2018-07-03
"안덕면사무소",본관주차장,제주특별자치도,연중무휴,00:00,23:59,N,Y,,,,N,제주특별자치도 서귀포시 안덕면 화순서서로 74,제주특별자치도 서귀포시 안덕면 화순리 1961-1,환경부(한국자동차환경협회),,33.2575319,126.3307426,2018-07-03
"제주서귀포시청 제1청사",주차장,제주특별자치도,연중무휴,00:00,23:59,N,Y,,,,N,제주특별자치도 서귀포시 중앙로 105,제주특별자치도 서귀포시 서홍동 440-1,환경부(한국자동차환경협회),,33.2540922,126.5601945,2018-07-03
"제주일출랜드",본관주차장,제주특별자치도,연중무휴,00:00,23:59,N,Y,,,,N,제주특별자치도 서귀포시 성산읍 중산간동로 4150-30,제주특별자치도 서귀포시 성산읍 삼달리 1010,환경부(한국자동차환경협회),,33.3835243,126.8413634,2018-07-03
"제주국제컨벤션센터",면세점 앞 대형주차장,제주특별자치도,연중무휴,00:00,23:59,N,Y,,,,N,제주특별자치도 서귀포시 중문관광로 224,제주특별자치도 서귀포시 중문동 2700,환경부(한국자동차환경협회),,33.2413649,126.4245153,2018-07-03
"제주영어교육도시",지원사무소 앞 주차장,제주특별자치도,연중무휴,00:00,23:59,N,Y,,,,N,제주특별자치도 서귀포시 대정읍 구억리 625-1,제주특별자치도 서귀포시 대정읍 구억리 625-1,환경부(한국자동차환경협회),,33.2859513,126.2833138,2018-07-03
"산방산",주차장 장애인 주차구역 앞,제주특별자치도,연중무휴,00:00,23:59,N,Y,,,,N,제주특별자치도 서귀포시 안덕면 사계리 163-1,제주특별자치도 서귀포시 안덕면 사계리 163-1,환경부(한국자동차환경협회),,33.2359439,126.3119793,2018-07-03
"성읍민속마을",성읍민속마을 주차장 우측 끝,제주특별자치도,연중무휴,00:00,23:59,N,Y,,,,N,제주특별자치도 서귀포시 표선면 성읍정의현로22번길 7-1,제주특별자치도 서귀포시 표선면 성읍리 987,환경부(한국자동차환경협회),,33.3846452,126.802159,2018-07-03
"중문랜드",주차장 좌측,제주특별자치도,연중무휴,00:00,23:59,N,Y,,,,N,제주특별자치도 서귀포시 소보리당로164번길 62,제주특별자치도 서귀포시 상예동 2802,환경부(한국자동차환경협회),,33.2639753,126.3852041,2018-07-03
"서귀포천지연폭포",천지연폭포 매표소 앞,제주특별자치도,연중무휴,00:00,23:59,N,Y,,,,N,제주특별자치도 서귀포시 남성중로 2-15,제주특별자치도 서귀포시 서홍동 666-1,환경부(한국자동차환경협회),,33.2447447,126.5597544,2018-07-03
"제주월드컵경기장",주차장,제주특별자치도,연중무휴,00:00,23:59,N,Y,,,,N,제주특별자치도 서귀포시 법환동 870,,환경부(한국자동차환경협회),,33.2481172,126.5110332,2018-07-03
"무릉문화의집",주차장,제주특별자치도,연중무휴,00:00,23:59,N,Y,,,,N,제주특별자치도 서귀포시 대정읍 무릉리 3314-1,,환경부(한국자동차환경협회),,33.2734542,126.1990405,2018-07-03
"표선생활체육관",주차장,제주특별자치도,연중무휴,00:00,23:59,N,Y,,,,N,제주특별자치도 서귀포시 표선면 한마음초등로 399,제주특별자치도 서귀포시 표선면 하천리 1832-1,환경부(한국자동차환경협회),,33.3544886,126.8146643,2018-07-03
"제주 곶자왈 도립공원입구",도립공원입구,제주특별자치도,연중무휴,00:00,23:59,N,Y,,,,N,제주특별자치도 서귀포시 대정읍 에듀시티로 178,제주특별자치도 서귀포시 대정읍 보성리 산1,환경부(한국자동차환경협회),,33.2851761,126.2791491,2018-07-03
"서귀포예술의전당",주차장,제주특별자치도,연중무휴,00:00,23:59,N,Y,,,,N,제주특별자치도 서귀포시 태평로 270,제주특별자치도 서귀포시 서홍동 551-1,환경부(한국자동차환경협회),,33.247167,126.5510603,2018-07-03
"동부소방서",주차장,제주특별자치도,연중무휴,00:00,23:59,N,Y,,,,N,제주특별자치도 서귀포시 성산읍 일주동로 4120번길 7,제주특별자치도 서귀포시 성산읍 오조리 933,환경부(한국자동차환경협회),,33.460229,126.9100702,2018-07-03
"서귀포농업기술센터",주차장,제주특별자치도,연중무휴,00:00,23:59,N,Y,,,,N,제주특별자치도 서귀포시 남원읍 중산간동로 7413,제주특별자치도 서귀포시 남원읍 하례리 1558,환경부(한국자동차환경협회),,33.3039456,126.6708275,2018-07-03
"모구리야영장",주차장,제주특별자치도,연중무휴,00:00,23:59,N,Y,,,,N,제주특별자치도 서귀포시 성산읍 서성일로 260,제주특별자치도 서귀포시 성산읍 난산리 2971,환경부(한국자동차환경협회),,33.4268965,126.8647243,2018-07-03
"동홍동 주민센터",주차장,제주특별자치도,연중무휴,00:00,23:59,N,Y,,,,N,제주특별자치도 서귀포시 동홍로 104,제주특별자치도 서귀포시 동홍동 577,환경부(한국자동차환경협회),,33.2578824,126.5689267,2018-07-03
"영천동 주민센터",주차장,제주특별자치도,연중무휴,00:00,23:59,N,Y,,,,N,제주특별자치도 서귀포시 토평로 15,제주특별자치도 서귀포시 토평동 2202-3,환경부(한국자동차환경협회),,33.2687729,126.5867363,2018-07-03
"자치경찰단 서귀포지역경찰대",주차장,제주특별자치도,연중무휴,00:00,23:59,N,Y,,,,N,제주특별자치도 서귀포시 부두로 1,제주특별자치도 서귀포시 서귀동 556-15,환경부(한국자동차환경협회),,33.2450723,126.5658726,2018-07-03
"보목하수처리장",주차장,제주특별자치도,연중무휴,00:00,23:59,N,Y,,,,N,제주특별자치도 서귀포시 보목로 64번길 155,제주특별자치도 서귀포시 보목동 1411-1,환경부(한국자동차환경협회),,33.243313,126.5914917,2018-07-03
"서귀포 자기주도학습지원센터",주차장,제주특별자치도,연중무휴,00:00,23:59,N,Y,,,,N,제주특별자치도 서귀포시 동홍중앙로 7번길 19,제주특별자치도 서귀포시 동홍동 402-3,환경부(한국자동차환경협회),,33.2511945,126.5705907,2018-07-03
"보타리본사",주차장,제주특별자치도,연중무휴,00:00,23:59,N,Y,,,,N,제주특별자치도 제주시 애월읍 봉성리 2918,,보타리에너지,,33.4086598,126.3172482,2018-07-03
"보타리농장",주차장,제주특별자치도,연중무휴,00:00,23:59,N,Y,,,,N,제주특별자치도 제주시 애월읍 봉성리 1316-2,,보타리에너지,,33.3689588,126.3505941,2018-07-03
"제주 에코티엘",주차장,제주특별자치도,입주민외 이용불가,00:00,23:59,N,Y,,,,N,제주특별자치도 제주시 연동 251-69,,대영채비,,33.4892569,126.4876321,2018-07-03
"라온레저개발㈜",야외주차장,제주특별자치도,연중무휴,00:00,23:59,N,N,,,,N,제주특별자치도 제주시 한경면 용금로 998,제주특별자치도 제주시 한경면 저지리 산 18,지엔텔,,33.3448687,126.2782452,2018-07-03
"켄싱턴리조트 서귀포점",야외주차장,제주특별자치도,연중무휴,00:00,23:59,N,N,,,,N,제주특별자치도 서귀포시 이어도로 684,제주특별자치도 서귀포시 강정동 2677,지엔텔,,33.2335747,126.4890087,2018-07-03
"해비치호텔앤드리조트㈜",야외주차장,제주특별자치도,연중무휴,00:00,23:59,N,N,,,,N,제주특별자치도 서귀포시 표선면 원님로 399번길 319,제주특별자치도 서귀포시 표선면 신흥리 산30,지엔텔,,33.3601625,126.725640,2018-07-03
"㈜캐슬렉스 제주",야외주차장,제주특별자치도,연중무휴,00:00,23:59,Y,N,,,,N,제주특별자치도 서귀포시 안덕면 평화로 1241,제주특별자치도 서귀포시 안덕면 광평리 351,지엔텔,,33.3402516,126.3487746,2018-07-03
"라헨느리조트㈜",야외주차장,제주특별자치도,연중무휴,00:00,23:59,Y,N,,,,N,제주특별자치도 제주시 명림로 374,제주특별자치도 제주시 봉개동 237-5,지엔텔,,33.454163,126.6144026,2018-07-03
"그랑블제주알엔지㈜",야외주차장,제주특별자치도,연중무휴,00:00,23:59,Y,N,,,,N,제주특별자치도 제주시 한림읍 화전길 82,제주특별자치도 제주시 한림읍 금악리 산32-1,지엔텔,,33.348237,126.365571,2018-07-03
"테디벨리골프엔리조트",야외주차장,제주특별자치도,연중무휴,00:00,23:59,Y,N,,,,N,제주특별자치도 서귀포시 안덕면 한창로 365,제주특별자치도 서귀포시 안덕면 상창리 2893,지엔텔,,33.2890716,126.3514959,2018-07-03
"주식회사 비체올린",야외주차장,제주특별자치도,연중무휴,00:00,23:59,Y,N,,,,N,제주특별자치도 제주시 한경면 판조로 253-6,제주특별자치도 제주시 한경면 판포리 산 8,지엔텔,,33.3502456,126.2181917,2018-07-03
"우선종합주식회사",야외주차장,제주특별자치도,연중무휴,00:00,23:59,Y,N,,,,N,제주특별자치도 제주시 조천읍 함덕남2길 14,제주특별자치도 제주시 조천읍 함덕리 2551-1,지엔텔,,33.5354648,126.6614345,2018-07-03
"뉴해안풍경",야외주차장,제주특별자치도,연중무휴,00:00,23:59,Y,N,,,,N,제주특별자치도 제주시 신사수2길 8-2,제주특별자치도 제주시 도두2동 1652,지엔텔,,33.5084336,126.4752901,2018-07-03
"주식회사 캔디원",야외주차장,제주특별자치도,연중무휴,00:00,23:59,Y,N,,,,N,제주특별자치도 제주시 조천읍 선교로 384,제주특별자치도 제주시 조천읍 선흘리 1776,지엔텔,,33.4727191,126.7061921,2018-07-03
"달빛바다팬션",야외주차장,제주특별자치도,고객외 이용불가,00:00,23:59,Y,N,,,,N,제주특별자치도 제주시 어영길 64-12,제주특별자치도 제주시 용담3동 1210-5,지엔텔,,33.5182347,126.4960844,2018-07-03
"제주허브동산",야외주차장,제주특별자치도,연중무휴,00:00,23:59,Y,N,,,,N,제주특별자치도 서귀포시 표선면 돈오름로 170,제주특별자치도 서귀포시 표선면 표선리 2608,지엔텔,,33.3298498,126.8148541,2018-07-03
"해변풍경 민박",야외주차장,제주특별자치도,연중무휴,00:00,23:59,Y,N,,,,N,제주특별자치도 제주시 도두봉2길 71,제주특별자치도 제주시 도두2동 1621,지엔텔,,33.5074016,126.4757032,2018-07-03
"주식회사 노형호텔",야외주차장,제주특별자치도,연중무휴,00:00,23:59,Y,N,,,,N,제주특별자치도 제주시 수덕1길 7,제주특별자치도 제주시 노형동 1288-4,지엔텔,,33.486076,126.476315,2018-07-03
"솔",야외주차장,제주특별자치도,연중무휴,00:00,23:59,Y,N,,,,N,제주특별자치도 제주시 구좌읍 해맞이해안로 2478,제주특별자치도 제주시 구좌읍 종달리 722,지엔텔,,33.5291668,126.8538817,2018-07-03
"제주조랑말타운",야외주차장,제주특별자치도,연중무휴,00:00,23:59,Y,N,,,,N,제주특별자치도 서귀포시 표선면 번영로 2486,제주특별자치도 서귀포시 표선면 성읍리 2867,지엔텔,,33.3726822,126.7971235,2018-07-03
"느영나영초가집",야외주차장,제주특별자치도,연중무휴,00:00,23:59,Y,N,,,,N,제주특별자치도 서귀포시 남원읍 태위로 483,제주특별자치도 서귀포시 남원읍 남원리 2453-5,지엔텔,,33.280681,126.707391,2018-07-03
"동부휴게소",야외주차장,제주특별자치도,연중무휴,00:00,23:59,Y,N,,,,N,제주특별자치도 제주시 조천읍 번영로 1619,제주특별자치도 제주시 조천읍 선흘리 1938-2,지엔텔,,33.4574092,126.7037176,2018-07-03
"이랜드파크켄싱턴리조트제주한림점",야외주차장,제주특별자치도,연중무휴,00:00,23:59,Y,N,,,,N,제주특별자치도 제주시 한림읍 한림해안로 530,제주특별자치도 제주시 한림읍 귀덕리 3861,지엔텔,,33.4358211,126.2745314,2018-07-03
"에코럭스",지하주차장,제주특별자치도,연중무휴,00:00,23:59,Y,N,,,,N,제주특별자치도 서귀포시 김정문화로 27번길 9-1,제주특별자치도 서귀포시 강정동 173-3,지엔텔,,33.2524649,126.5072896,2018-07-03
"라온랜드 주식회사",야외주차장,제주특별자치도,연중무휴,00:00,23:59,Y,N,,,,N,제주특별자치도 제주시 한림읍 월림 7길 155,제주특별자치도 제주시 한림읍 월림리 산 8,지엔텔,,33.3555222,126.2420266,2018-07-03
"나인스파빌",야외주차장,제주특별자치도,연중무휴,00:00,23:59,Y,N,,,,N,제주특별자치도 제주시 애월읍 하광로 518,제주특별자치도 제주시 애월읍 광령리 2970,지엔텔,,33.4621944,126.4227085,2018-07-03
"아모르하우스",야외주차장,제주특별자치도,연중무휴,00:00,23:59,Y,N,,,,N,제주특별자치도 제주시 해맞이해안로 2060-18,제주특별자치도 제주시 구좌읍 종달리 1380,지엔텔,,33.5291668,126.8538817,2018-07-03
"㈜백상",야외주차장,제주특별자치도,연중무휴,00:00,23:59,Y,N,,,,N,제주특별자치도 서귀포시 안덕면 평화로 319번길 31-11,제주특별자치도 서귀포시 안덕면 서광리 2351,지엔텔,,33.2762284,126.3053462,2018-07-03
"아띠랑스",야외주차장,제주특별자치도,연중무휴,00:00,23:59,Y,N,,,,N,제주특별자치도 서귀포시 성산읍 해맞이해안로 2614,제주특별자치도 서귀포시 성산읍 시흥리 10,지엔텔,,33.4777761,126.9091132,2018-07-03
"블루마운틴커피랜드",야외주차장,제주특별자치도,연중무휴,00:00,23:59,Y,N,,,,N,제주특별자치도 서귀포시 성산읍 중산간동로 4255,제주특별자치도 서귀포시 성산읍 삼달리 1510-1,지엔텔,,33.3801892,126.8371501,2018-07-03
"돈내코힐리조트",야외주차장,제주특별자치도,연중무휴,00:00,23:59,Y,N,,,,N,제주특별자치도 서귀포시 돈내코로 178,제주특별자치도 서귀포시 상효동 2205-3,지엔텔,,33.3053883,126.5774568,2018-07-03
"그랜드메르호텔",야외주차장,제주특별자치도,연중무휴,00:00,23:59,Y,N,,,,N,제주특별자치도 서귀포시 논짓물로 45,제주특별자치도 서귀포시 하예동 460-1,지엔텔,,33.2395805,126.3863731,2018-07-03
"오드리인제주/㈜갤러리",야외주차장,제주특별자치도,연중무휴,00:00,23:59,Y,N,,,,N,제주특별자치도 제주시 서해안로 100,제주특별자치도 제주시 이호1동 345,지엔텔,,33.5110314,126.4802212,2018-07-03
"크리스마스",야외주차장,제주특별자치도,연중무휴,00:00,23:59,Y,N,,,,N,제주특별자치도 제주시 구좌읍 해맞이해안로 2030-8,제주특별자치도 제주시 구좌읍 종달리 1422,지엔텔,,33.5088339,126.8996212,2018-07-03
"더썸하우스",야외주차장,제주특별자치도,연중무휴,00:00,23:59,Y,N,,,,N,제주특별자치도 서귀포시 성산읍 난고로 42번길 110,제주특별자치도 서귀포시 성산읍 고성리 1652-1,지엔텔,,33.4433216,126.9065691,2018-07-03
"조은리조트",야외주차장,제주특별자치도,연중무휴,00:00,23:59,Y,N,,,,N,제주특별자치도 서귀포시 이어도로 721,제주특별자치도 서귀포시 강정동 2486,지엔텔,,33.2358824,126.4920943,2018-07-03
"동백동산",야외주차장,제주특별자치도,연중무휴,00:00,23:59,Y,N,,,,N,제주특별자치도 제주시 조천읍 북흘로 378,제주특별자치도 제주시 조천읍 선흘리 999,지엔텔,,33.534457,126.7004904,2018-07-03
"지중해리조트",야외주차장,제주특별자치도,연중무휴,00:00,23:59,Y,N,,,,N,제주특별자치도 서귀포시 남원읍 남태해안로 445,제주특별자치도 서귀포시 남원읍 태흥리 1148,지엔텔,,33.2829039,126.7469756,2018-07-03
"㈜에이치엠자산관리",야외주차장,제주특별자치도,고객외 이용불가,00:00,23:59,Y,N,,,,N,제주특별자치도 서귀포시 대정읍 에듀시티로 102,제주특별자치도 서귀포시 대정읍 보성리 2417,지엔텔,,33.286509,126.281098,2018-07-03
"동복리671",야외주차장,제주특별자치도,연중무휴,00:00,23:59,Y,N,,,,N,제주특별자치도 제주시 구좌읍 구좌해안로 52-13,제주특별자치도 제주시 구좌읍 동복리 671,지엔텔,,33.5561229,126.7205363,2018-07-03
"하이랜드",야외주차장,제주특별자치도,연중무휴,00:00,23:59,Y,N,,,,N,제주특별자치도 서귀포시 이어도로 244,제주특별자치도 서귀포시 대포동 2270,지엔텔,,33.2422489,126.4453293,2018-07-03
"브런치더썸",야외주차장,제주특별자치도,연중무휴,00:00,23:59,Y,N,,,,N,제주특별자치도 서귀포시 일주동로 8921,제주특별자치도 서귀포시 호근동 566,지엔텔,,33.2521893,126.5379776,2018-07-03
"오션베스트빌구내",야외주차장,제주특별자치도,연중무휴,00:00,23:59,Y,N,,,,N,제주특별자치도 제주시 조천읍 조함해안로 221,제주특별자치도 제주시 조천읍 신흥리 791,지엔텔,,33.5530886,126.6447555,2018-07-03
"알프스보석궁전테마파크",야외주차장,제주특별자치도,연중무휴,00:00,23:59,Y,N,,,,N,제주특별자치도 제주시 한경면 연명로 159-7,제주특별자치도 제주시 한경면 청수리 958,지엔텔,,33.2910222,126.2492299,2018-07-03
"도라미펜션",야외주차장,제주특별자치도,연중무휴,00:00,23:59,Y,N,,,,N,제주특별자치도 서귀포시 일주동로 8215,제주특별자치도 서귀포시 신효동 924,지엔텔,,33.255487,126.5686054,2018-07-03
"나우씨앤씨",야외주차장,제주특별자치도,연중무휴,00:00,23:59,Y,N,,,,N,제주특별자치도 서귀포시 하신상로 166,제주특별자치도 서귀포시 신효동 506-9,지엔텔,,33.2761847,126.6067488,2018-07-03
"소금막호스텔",야외주차장,제주특별자치도,연중무휴,00:00,23:59,Y,N,,,,N,제주특별자치도 서귀포시 쇠소깍로 151-10,제주특별자치도 서귀포시 하효동 1028-2,지엔텔,,33.2503895,126.6205806,2018-07-03
"제주아이브",야외주차장,제주특별자치도,연중무휴,00:00,23:59,Y,N,,,,N,제주특별자치도 서귀포시 산록남로 1966-34,제주특별자치도 서귀포시 영남동 224-1,지엔텔,,33.2881355,126.4969259,2018-07-03
"디스이즈핫",야외주차장,제주특별자치도,연중무휴,00:00,23:59,Y,N,,,,N,제주특별자치도 제주시 구좌읍 하도15길 153-5,제주특별자치도 제주시 구좌읍 하도리 59-1,지엔텔,,33.5131782,126.8973861,2018-07-03
"갯그시",야외주차장,제주특별자치도,연중무휴,00:00,23:59,Y,N,,,,N,제주특별자치도 서귀포시 성산읍 환해장성로 469,제주특별자치도 서귀포시 성산읍 온평리 1191,지엔텔,,33.4121987,126.9047711,2018-07-03
"금앤옥통나무펜션",야외주차장,제주특별자치도,연중무휴,00:00,23:59,Y,N,,,,N,제주특별자치도 서귀포시 남원읍 중산간동로 7141번길 6,제주특별자치도 서귀포시 남원읍 신례리 729-1,지엔텔,,33.282069,126.630107,2018-07-03
"선스토리",야외주차장,제주특별자치도,연중무휴,00:00,23:59,Y,N,,,,N,제주특별자치도 서귀포시 표선면 표선백사로 60번길 72,제주특별자치도 서귀포시 표선면 표선리 1160-1,지엔텔,,33.3164616,126.8377788,2018-07-03
"에띠에호스텔",야외주차장,제주특별자치도,연중무휴,00:00,23:59,Y,N,,,,N,제주특별자치도 서귀포시 이어도로 738,제주특별자치도 서귀포시 강정동 2503-1,지엔텔,,33.240469,126.493008,2018-07-03
"가산토방",야외주차장,제주특별자치도,연중무휴,00:00,23:59,Y,N,,,,N,제주특별자치도 서귀포시 인정오름로 90,제주특별자치도 서귀포시 토평동 3077,지엔텔,,33.2873173,126.5775863,2018-07-03
"파인힐호텔",야외주차장,제주특별자치도,연중무휴,00:00,23:59,Y,N,,,,N,제주특별자치도 서귀포시 부두로 44,제주특별자치도 서귀포시 서귀동 776-1,지엔텔,,33.241328,126.5644681,2018-07-03
"모던플레이스",야외주차장,제주특별자치도,연중무휴,00:00,23:59,Y,N,,,,N,제주특별자치도 서귀포시 상예로 262,제주특별자치도 서귀포시 상예동 185-1,지엔텔,,33.2585723,126.392539,2018-07-03
"중앙교회",야외주차장,제주특별자치도,연중무휴,00:00,23:59,Y,N,,,,N,제주특별자치도 제주시 연사길 17,제주특별자치도 제주시 오라2동 953-2,지엔텔,,33.4877657,126.508931,2018-07-03
"제주스카이휴양펜션",야외주차장,제주특별자치도,연중무휴,00:00,23:59,Y,N,,,,N,제주특별자치도 서귀포시 표선면 세성로 352-32,제주특별자치도 서귀포시 표선면 세화리 1002-2,지엔텔,,33.3355222,126.7983666,2018-07-03
"메이더호텔",야외주차장,제주특별자치도,연중무휴,00:00,23:59,Y,N,,,,N,제주특별자치도 제주시 구좌읍 일주동로 1626,제주특별자치도 제주시 구좌읍 동복리 1652-2,지엔텔,,33.5523722,126.7058347,2018-07-03
"㈜제주테마조각공원",야외주차장,제주특별자치도,연중무휴,00:00,23:59,Y,N,,,,N,제주특별자치도 제주시 1100로 2894-72,제주특별자치도 제주시 연동 680-26,지엔텔,,33.4519922,126.4890053,2018-07-03
"제주 서비스센터",주차장,제주특별자치도,고객외 이용불가,00:00,23:59,N,Y,,,,N,제주특별자치도 제주시 조천읍 일주동로 1323,,현대자동차,,33.5393639,126.681838,2018-07-03
"산지공업사",주차장,제주특별자치도,고객외 이용불가,00:00,23:59,N,Y,,,,N,제주특별자치도 제주시 선반로 62,,현대자동차,,33.5148929,126.5645359,2018-07-03
"제주 사옥",주차장,제주특별자치도,고객외 이용불가,00:00,23:59,N,Y,,,,N,제주특별자치도 제주시 연동 291-44,,현대자동차,,33.4899806,126.4956776,2018-07-03
GS25 너울빌리지점,주차장,제주특별자치도,연중무휴,00:00,23:59,N,Y,,,,N,제주특별자치도 제주시 한경면 일주서로 4469,제주특별자치도 제주시 한경면 금등리 646,한국전기차충전서비스,,33.3414039,126.1898997,2018-07-03
"현대자동차 블루핸즈 노형북부점",주차장,제주특별자치도,연중무휴,00:00,23:59,N,Y,,,,N,제주특별자치도 제주시 월광로 43,제주특별자치도 제주시 노형동 2820-1,한국전기차충전서비스,,33.4854792,126.4655444,2018-07-03
"현대자동차 블루핸즈 한림점",주차장,제주특별자치도,연중무휴,00:00,23:59,Y,Y,,,,N,제주특별자치도 제주시 한림읍 일주서로 5697,제주특별자치도 제주시 한림읍 귀덕리 3738-8,한국전기차충전서비스,,33.4095489,126.2638736,2018-07-03
"현대자동차 블루핸즈 아라점",주차장,제주특별자치도,연중무휴,00:00,23:59,Y,Y,,,,N,제주특별자치도 제주시 아봉로 11,제주특별자치도 제주시 아라2동 1622-3,한국전기차충전서비스,,33.4734957,126.5712811,2018-07-03
"현대자동차 블루핸즈 연동점",주차장,제주특별자치도,연중무휴,00:00,23:59,Y,Y,,,,N,제주특별자치도 제주시 신대로21길 34-1,제주특별자치도 제주시 연동 456-2,한국전기차충전서비스,,33.4819314,126.5002893,2018-07-03
GS25 안덕서광점,주차장,제주특별자치도,연중무휴,00:00,23:59,N,Y,,,,N,제주특별자치도 서귀포시 안덕면 중산간서로 1882,제주특별자치도 서귀포시 안덕면 서광리 716-1,한국전기차충전서비스,,33.2862497,126.3077305,2018-07-03
"제주지방합동청사",주차장,제주특별자치도,연중무휴,00:00,23:59,Y,Y,,,,N,제주특별자치도 제주시 청사로 59,제주특별자치도 제주시 도남동 662,한국전기차충전서비스,,33.490454,126.5253079,2018-07-03
"라마다호텔 제주",주차장,제주특별자치도,연중무휴,00:00,23:59,Y,Y,,,,N,제주특별자치도 제주시 탑동로 66,제주특별자치도 제주시 삼도2동 1254,한국전기차충전서비스,,33.5185924,126.5175016,2018-07-03
"형제공업사",주차장,제주특별자치도,연중무휴,00:00,23:59,N,Y,,,,N,제주특별자치도 제주시 일주서로 7266,제주특별자치도 제주시 외도 1동 2023-5,한국전기차충전서비스,,33.4916411,126.4237923,2018-07-03
"탑동2공영주차장",주차장,제주특별자치도,연중무휴,00:00,23:59,N,Y,,,,N,제주특별자치도 제주시 삼도2동 1257,,한국전기차충전서비스,,33.5182983,126.5198951,2018-07-03
"제주대학교 병원",주차장,제주특별자치도,연중무휴,00:00,23:59,Y,Y,,,,N,제주특별자치도 제주시 아란13길 15,제주특별자치도 제주시 아라1동 1753-3,한국전기차충전서비스,,33.4670429,126.5457558,2018-07-03
"하귀 농협 장례식장",주차장,제주특별자치도,연중무휴,00:00,23:59,Y,Y,,,,N,제주특별자치도 제주시 애조로 405,제주특별자치도 제주시 애월읍 광령리 3672-1,한국전기차충전서비스,,33.4730618,126.4265546,2018-07-03
"애월농협 하나로마트",주차장,제주특별자치도,연중무휴,00:00,23:59,Y,Y,,,,N,제주특별자치도 제주시 애원로 41,제주특별자치도 제주시 애월읍 애월리 1400-1,한국전기차충전서비스,,33.460321,126.3215331,2018-07-03
"하귀 농협 복지센터",주차장,제주특별자치도,연중무휴,00:00,23:59,Y,Y,,,,N,제주특별자치도 제주시 일주서로 7020,제주특별자치도 제주시 애월읍 하귀2리 1763-1,한국전기차충전서비스,,33.466277,126.3511114,2018-07-03
"연동공영주차장",지상1층,제주특별자치도,연중무휴,00:00,23:59,N,Y,,,,N,제주특별자치도 제주시 연동 272-31,,한국전기차충전서비스,,33.4890445,126.491207,2018-07-03
"한국충전본사",주차장,제주특별자치도,연중무휴,00:00,23:59,Y,Y,,,,N,제주특별자치도 제주시 연삼로 61,제주특별자치도 제주시 연동 177,한국전기차충전서비스,,33.4938605,126.4991399,2018-07-03
"기아오토큐 오라동대리점",주차장,제주특별자치도,연중무휴,00:00,23:59,N,Y,,,,N,제주특별자치도 제주시 연삼로 116,제주특별자치도 제주시 오라3동 2811-4,한국전기차충전서비스,,33.5011704,126.5402581,2018-07-03
"롯데리아 제주외도 DT",주차장,제주특별자치도,연중무휴,00:00,23:59,Y,Y,,,,N,제주특별자치도 제주시 일주서로 7335,제주특별자치도 제주시 외도2동 343-9,한국전기차충전서비스,,33.4937504,126.4300165,2018-07-03
"제주공항 입구주차장",주차장,제주특별자치도,연중무휴,00:00,23:59,Y,N,,,,N,제주특별자치도 제주시 다호북길 7,제주특별자치도 제주시 용담2동 1611-2,한국전기차충전서비스,,33.5019756,126.4920848,2018-07-03
"일도이동공영주차장",주차장,제주특별자치도,연중무휴,00:00,23:59,N,Y,,,,N,제주특별자치도 제주시 일도2동 488-1,,한국전기차충전서비스,,33.5106341,126.5442435,2018-07-03
"조천농협 농산물산지유통센터",주차장,제주특별자치도,연중무휴,00:00,23:59,Y,Y,,,,N,제주특별자치도 제주시 일주동로 757,제주특별자치도 제주시 조천읍 신촌리 1733-2,한국전기차충전서비스,,33.5314441,126.8206181,2018-07-03
"한경농협",주차장,제주특별자치도,연중무휴,00:00,23:59,Y,Y,,,,N,제주특별자치도 제주시 신한로 76,제주특별자치도 제주시 한경면 신창리 18-2,한국전기차충전서비스,,33.3465629,126.1902065,2018-07-03
"기아오토큐 화북대리점",주차장,제주특별자치도,연중무휴,00:00,23:59,Y,N,,,,N,제주특별자치도 제주시 일주동로 14,제주특별자치도 제주시 화북2동 4837-1,한국전기차충전서비스,,33.5118008,126.5492415,2018-07-03
"롯데하이마트 신제주점",주차장,제주특별자치도,연중무휴,00:00,23:59,Y,N,,,,N,제주특별자치도 제주시 도령로 16,제주특별자치도 제주시 노형동 903-3,한국전기차충전서비스,,33.4865713,126.4812285,2018-07-03
KT 성산포지사,주차장,제주특별자치도,연중무휴,00:00,23:59,Y,Y,,,,N,제주특별자치도 서귀포시 서성일로 1244-3,제주특별자치도 서귀포시 성산읍 고성리 1106-7,한국전기차충전서비스,,33.4268965,126.8647243,2018-07-03
"위미 농협",주차장,제주특별자치도,연중무휴,00:00,23:59,N,Y,,,,N,제주특별자치도 서귀포시 태위로 126,제주특별자치도 서귀포시 남원읍 위미리 2832-6,한국전기차충전서비스,,33.2745832,126.6609677,2018-07-03
"희준카센타",주차장,제주특별자치도,연중무휴,00:00,23:59,N,Y,,,,N,제주특별자치도 서귀포시 일주서로 2968,제주특별자치도 서귀포시 대정읍 일과리 1821-1,한국전기차충전서비스,,33.2402708,126.2507128,2018-07-03
"약천사",주차장,제주특별자치도,연중무휴,00:00,23:59,Y,Y,,,,N,제주특별자치도 서귀포시 하원동 1698-1,,한국전기차충전서비스,,33.326215,126.4716831,2018-07-03
"코리아마트",주차장,제주특별자치도,연중무휴,00:00,23:59,N,Y,,,,N,제주특별자치도 서귀포시 동홍서로 42-6,제주특별자치도 서귀포시 동홍동 644-3,한국전기차충전서비스,,33.2523774,126.570198,2018-07-03
"대유랜드",주차장,제주특별자치도,연중무휴,00:00,23:59,Y,Y,,,,N,제주특별자치도 서귀포시 상예로 381,제주특별자치도 서귀포시 상예동 145,한국전기차충전서비스,,33.2787568,126.394896,2018-07-03
"㈜상효원",주차장,제주특별자치도,연중무휴,00:00,23:59,Y,Y,,,,N,제주특별자치도 서귀포시 산록남로 2847-37,제주특별자치도 서귀포시 상효동 산 25,한국전기차충전서비스,,33.306381,126.5843885,2018-07-03
"롯데호텔",주차장,제주특별자치도,연중무휴,00:00,23:59,Y,Y,,,,N,제주특별자치도 서귀포시 중문관광로72번길 35,제주특별자치도 서귀포시 색달동 2812-4,한국전기차충전서비스,,33.2485349,126.4103936,2018-07-03
"천지공영주차장",지상1층,제주특별자치도,연중무휴,00:00,23:59,Y,Y,,,,N,제주특별자치도 서귀포시 서귀동 305-1,,한국전기차충전서비스,,33.2515976,126.5594295,2018-07-03
"서귀포매일올레시장",지상2층,제주특별자치도,연중무휴,00:00,23:59,N,Y,,,,N,제주특별자치도 서귀포시 중앙로62번길,제주특별자치도 서귀포시 서귀동 277-2,한국전기차충전서비스,,33.2515016,126.5638433,2018-07-03
"성산일출봉",주차장,제주특별자치도,연중무휴,00:00,23:59,Y,Y,,,,N,제주특별자치도 서귀포시 일출로 284-6,제주특별자치도 서귀포시 성산읍 성산리 114-3,한국전기차충전서비스,,33.4624691,126.9352237,2018-07-03
"동광 R 주차장",주차장,제주특별자치도,연중무휴,00:00,23:59,N,Y,,,,N,제주특별자치도 서귀포시 안덕면 동광리 827,,한국전기차충전서비스,,33.3109558,126.3416458,2018-07-03
"안덕농협 하나로마트",주차장,제주특별자치도,연중무휴,00:00,23:59,Y,N,,,,N,제주특별자치도 서귀포시 화순로 122,제주특별자치도 서귀포시 안덕면 화순리 1089-1,한국전기차충전서비스,,33.2465809,126.333321,2018-07-03
"서귀포시축산업협동조합(한우명품관)",주차장,제주특별자치도,연중무휴,00:00,23:59,Y,Y,,,,N,제주특별자치도 서귀포시 일주동로 8421,제주특별자치도 서귀포시 토평동 262-1 ),한국전기차충전서비스,,33.2572426,126.5885177,2018-07-03
"성읍랜드",주차장,제주특별자치도,연중무휴,00:00,23:59,Y,Y,,,,N,제주특별자치도 서귀포시 표선면 번영로 2650,제주특별자치도 서귀포시 (표선면 성읍리 2045-1),한국전기차충전서비스,,33.3726822,126.7971235,2018-07-03
"표선농협 하나로마트",주차장,제주특별자치도,연중무휴,00:00,23:59,Y,Y,,,,N,제주특별자치도 서귀포시 표선동서로 233,제주특별자치도 서귀포시 (표선면 표선리 684),한국전기차충전서비스,,33.3247771,126.8319867,2018-07-03
GS25 서귀대포점,주차장,제주특별자치도,연중무휴,00:00,23:59,N,Y,,,,N,제주특별자치도 서귀포시 이어도로 129,제주특별자치도 서귀포시 대포동 2411-1),한국전기차충전서비스,,33.2391543,126.4362409,2018-07-03
"롯데하이마트 서귀포점",주차장,제주특별자치도,연중무휴,00:00,23:59,Y,N,,,,N,제주특별자치도 서귀포시 일주동로 8631,제주특별자치도 서귀포시 동홍동 458-5),한국전기차충전서비스,,33.2539126,126.5661853,2018-07-03
GS25중문사거리점,주차장,제주특별자치도,연중무휴,00:00,23:59,N,Y,,,,N,제주특별자치도 서귀포시 중문로 80,제주특별자치도 서귀포시 (중문동 1351-1),한국전기차충전서비스,,33.258334,126.4214249,2018-07-03
"현대자동차 블루핸즈 외도점",주차장,제주특별자치도,연중무휴,00:00,23:59,Y,N,,,,N,제주특별자치도 제주시 우평로 345-8,제주특별자치도 제주시 (외도1동 1350-1),한국전기차충전서비스,,33.4810832,126.4510066,2018-07-03
"함덕농협하나로마트",주차장,제주특별자치도,연중무휴,00:00,23:59,N,Y,,,,N,제주특별자치도 제주시 조천읍 함와로 40,제주특별자치도 제주시 조천읍 (함덕리 72-4),한국전기차충전서비스,,33.536657,126.674625,2018-07-03
"제주시농협 하나로마트 제주점",주차장,제주특별자치도,연중무휴,00:00,23:59,N,Y,,,,N,제주특별자치도 제주시 남광로 206,제주특별자치도 제주시 (건입동 49-1),한국전기차충전서비스,,33.5029625,126.553699,2018-07-03
"제주대학교 제2도서관",주차장,제주특별자치도,연중무휴,00:00,23:59,Y,N,,,,N,제주특별자치도 제주시 제주대학로 102,제주특별자치도 제주시 아라1동 1),한국전기차충전서비스,,33.4553037,126.5616176,2018-07-03
"제주대학교 학생주차장",주차장,제주특별자치도,연중무휴,00:00,23:59,Y,Y,,,,N,제주특별자치도 제주시 제주대학로 102,제주특별자치도 제주시 아라1동 1),한국전기차충전서비스,,33.4553037,126.5616176,2018-07-03
"아모렉스 리조트",주차장,제주특별자치도,연중무휴,00:00,23:59,Y,N,,,,N,제주특별자치도 제주시 서해안로 216,제주특별자치도 제주시 도두1동 1742),한국전기차충전서비스,,33.5074916,126.4702754,2018-07-03
"남원농협 하나로마트",주차장,제주특별자치도,연중무휴,00:00,23:59,N,Y,,,,N,제주특별자치도 서귀포시 남원읍 남조로 52,제주특별자치도 서귀포시 남원읍 남원리 226),한국전기차충전서비스,,33.3190481,126.7087521,2018-07-03
"제주시농협 하나로유통센터",주차장,제주특별자치도,연중무휴,00:00,23:59,Y,N,,,,N,제주특별자치도 제주시 월광로 77,제주특별자치도 제주시 노형동 2860),한국전기차충전서비스,,33.4877055,126.4680465,2018-07-03
"넥슨박물관",주차장,제주특별자치도,연중무휴,00:00,23:59,Y,Y,,,,N,제주특별자치도 제주시 1100로 3198-8,제주특별자치도 제주시 노형동 86),한국전기차충전서비스,,33.4723868,126.485337,2018-07-03
NH농협은행 제주수련원,주차장,제주특별자치도,연중무휴,00:00,23:59,Y,Y,,,,N,제주특별자치도 서귀포시 표선면 세화리 1569,,한국전기차충전서비스,,33.305920,126.7946278,2018-07-03
"하얏트 리젠시 제주 호텔",주차장,제주특별자치도,연중무휴,00:00,23:59,Y,N,,,,N,제주특별자치도 서귀포시 중문관광로 72번길 114,제주특별자치도 서귀포시 색달동 3039-1),한국전기차충전서비스,,33.2455761,126.4055533,2018-07-03
"잠도둑 게스트하우스",주차장,제주특별자치도,연중무휴,00:00,23:59,N,Y,,,,N,제주특별자치도 서귀포시 성산읍 일주동로 5379,제주특별자치도 서귀포시 (성산읍 신풍리 37),한국전기차충전서비스,,33.416346,126.889907,2018-07-03
"제주바다목장",주차장,제주특별자치도,연중무휴,00:00,23:59,Y,Y,,,,N,제주특별자치도 제주시 한경면 한경해안로 565,제주특별자치도 제주시 (한경면 신창리 542-9),한국전기차충전서비스,,33.3328723,126.1697983,2018-07-03
"다이아나호텔",주차장,제주특별자치도,연중무휴,00:00,23:59,N,Y,,,,N,제주특별자치도 제주시 임항로 249,제주특별자치도 제주시 건입동 658-1),한국전기차충전서비스,,33.5183479,126.5387193,2018-07-03
"제주필하우스",주차장,제주특별자치도,연중무휴,00:00,23:59,N,Y,,,,N,제주특별자치도 제주시 조천읍 일주동로 1415,제주특별자치도 제주시 (조천읍 북촌리 1586-1),한국전기차충전서비스,,33.544947,126.6863809,2018-07-03
"선반내주유소",주차장,제주특별자치도,연중무휴,00:00,23:59,N,Y,,,,N,제주특별자치도 서귀포시 일주동로 8780,제주특별자치도 서귀포시 서홍동 1153),한국전기차충전서비스,,33.2529872,126.5509089,2018-07-03
"스프링데일CC(동국개발)",주차장,제주특별자치도,연중무휴,00:00,23:59,Y,N,,,,N,제주특별자치도 서귀포시 남원읍 서성로 459,,한국전기차충전서비스,,33.3245683,126.6627718,2018-07-03
"켄싱턴 제주 호텔",주차장,제주특별자치도,연중무휴,00:00,23:59,Y,N,,,,N,제주특별자치도 서귀포시 중문관광로72번길 60,,한국전기차충전서비스,,33.2520261,126.4077400,2018-07-03
WE호텔,주차장,제주특별자치도,연중무휴,00:00,23:59,Y,N,,,,N,제주특별자치도 서귀포시 1100로 453-95,,한국전기차충전서비스,,33.2862186,126.4442655,2018-07-03
"하모니리조트",주차장,제주특별자치도,연중무휴,00:00,23:59,Y,N,,,,N,제주특별자치도 제주시 한림읍 협재로 213,,한국전기차충전서비스,,33.3870114,126.2623205,2018-07-03
"피노호텔",주차장,제주특별자치도,연중무휴,00:00,23:59,Y,N,,,,N,제주특별자치도 서귀포시 천지연로29번길 5,,한국전기차충전서비스,,33.2408733,126.5631225,2018-07-03
"펄리호텔",주차장,제주특별자치도,연중무휴,00:00,23:59,Y,N,,,,N,제주특별자치도 제주시 노형로 79,,한국전기차충전서비스,,33.4838727,126.4699215,2018-07-03
"중문메리디안",주차장,제주특별자치도,고객외 이용불가,00:00,23:59,Y,N,,,,N,제주특별자치도 서귀포시 1100로 36,,한국전기차충전서비스,,33.2862573,126.4440737,2018-07-03
"제주노블레스관광호텔",주차장,제주특별자치도,연중무휴,00:00,23:59,Y,N,,,,N,제주특별자치도 제주시 월성로4길 19,,한국전기차충전서비스,,33.5014564,126.5034049,2018-07-03
"은빌레펜션",주차장,제주특별자치도,고객외 이용불가,00:00,23:59,Y,N,,,,N,제주특별자치도 서귀포시 남원읍 한신로 247-3,,한국전기차충전서비스,,33.3117075,126.7168645,2018-07-03
"세원멤버스",주차장,제주특별자치도,고객외 이용불가,00:00,23:59,Y,N,,,,N,제주특별자치도 제주시 원노형3길 13,,한국전기차충전서비스,,33.4864363,126.4844124,2018-07-03
"(주)샵원더",주차장,제주특별자치도,연중무휴,00:00,23:59,Y,N,,,,N,제주특별자치도 제주시 연북로 161,,한국전기차충전서비스,,33.4821031,126.4987553,2018-07-03
"세븐일레븐 제주함덕게스트하우스",주차장,제주특별자치도,고객외 이용불가,00:00,23:59,Y,N,,,,N,제주특별자치도 제주시 조천읍 신북로 643,,한국전기차충전서비스,,33.540729,126.6782084,2018-07-03
"레지나펜션",주차장,제주특별자치도,고객외 이용불가,00:00,23:59,Y,N,,,,N,제주특별자치도 서귀포시 이어도로 789,,한국전기차충전서비스,,33.2368373,126.4995612,2018-07-03
"명도암 마을회",주차장,제주특별자치도,고객외 이용불가,00:00,23:59,Y,N,,,,N,제주특별자치도 제주시 명림로 268-69,,한국전기차충전서비스,,33.4616354,126.6070908,2018-07-03
"허브펜션오즈",주차장,제주특별자치도,고객외 이용불가,00:00,23:59,Y,N,,,,N,제주특별자치도 서귀포시 표선면 표선백사로58번길 36,,한국전기차충전서비스,,33.3185108,126.8334258,2018-07-03
"난지축산연구소",주차장,제주특별자치도,고객외 이용불가,00:00,23:59,Y,N,,,,N,제주특별자치도 제주시 산록북로 593-50,,한국전기차충전서비스,,33.4274500,126.5482938,2018-07-03
"서귀포시 생활환경과",주차장,제주특별자치도,고객외 이용불가,00:00,23:59,Y,N,,,,N,제주특별자치도 서귀포시 산록남로1241번길 145,,한국전기차충전서비스,,33.3070418,126.419081,2018-07-03
"카멜리아힐",주차장,제주특별자치도,고객외 이용불가,00:00,23:59,Y,N,,,,N,제주특별자치도 서귀포시 안덕면 병악로 166,,한국전기차충전서비스,,33.2901143,126.3684044,2018-07-03
"꼬뜨도르호텔",주차장,제주특별자치도,고객외 이용불가,00:00,23:59,Y,N,,,,N,제주특별자치도 제주시 구좌읍 일주동로 1724,,한국전기차충전서비스,,33.5521173,126.7169202,2018-07-03
"관음사가는길",주차장,제주특별자치도,고객외 이용불가,00:00,23:59,Y,N,,,,N,제주특별자치도 제주시 산록북로 819,,한국전기차충전서비스,,33.4360741,126.5538129,2018-07-03
"성산아쿠아비치호텔",주차장,제주특별자치도,고객외 이용불가,00:00,23:59,Y,N,,,,N,제주특별자치도 서귀포시 성산읍 일주동로 4258,,한국전기차충전서비스,,33.4143696,126.8999778,2018-07-03
"이노우에스시",주차장,제주특별자치도,고객외 이용불가,00:00,23:59,Y,N,,,,N,제주특별자치도 제주시 과원로 78-1,,한국전기차충전서비스,,33.4771542,126.491468,2018-07-03
"평원헤모아빌",주차장,제주특별자치도,연중무휴,00:00,23:59,Y,N,,,,N,제주특별자치도 제주시 연사2길 76,,한국전기차충전서비스,,33.4859234,126.5131279,2018-07-03
"제주휴리조트",주차장,제주특별자치도,고객외 이용불가,00:00,23:59,Y,N,,,,N,제주특별자치도 서귀포시 성산읍 난고로 228,,한국전기차충전서비스,,33.4200962,126.8870067,2018-07-03
"종가전복",주차장,제주특별자치도,연중무휴,00:00,23:59,Y,N,,,,N,제주특별자치도 제주시 구좌읍 해맞이해안로 1306,,한국전기차충전서비스,,33.5291668,126.8538817,2018-07-03
"키아오라펜션",주차장,제주특별자치도,고객외 이용불가,00:00,23:59,Y,N,,,,N,제주특별자치도 서귀포시 성산읍 난고로42번길 3,,한국전기차충전서비스,,33.4342204,126.9050229,2018-07-03
"한국자동차공업사",주차장,제주특별자치도,연중무휴,00:00,23:59,Y,N,,,,N,제주특별자치도 제주시 오라로 72,,한국전기차충전서비스,,33.4954658,126.5109145,2018-07-03
"마레 호텔",주차장,제주특별자치도,고객외 이용불가,00:00,23:59,Y,N,,,,N,제주특별자치도 서귀포시 성산읍 섭지코지로25번길 29,,한국전기차충전서비스,,33.4417906,126.9188826,2018-07-03
"종이시계",주차장,제주특별자치도,고객외 이용불가,00:00,23:59,Y,N,,,,N,제주특별자치도 제주시 애월읍 애월해안로 899,,한국전기차충전서비스,,33.4853375,126.3918721,2018-07-03
"카이리조트",주차장,제주특별자치도,연중무휴,00:00,23:59,Y,N,,,,N,제주특별자치도 제주시 한림읍 협재2길 10,,한국전기차충전서비스,,33.393962,126.2390984,2018-07-03
"금강산콘도",주차장,제주특별자치도,연중무휴,00:00,23:59,Y,N,,,,N,제주특별자치도 제주시 한림읍 협재로 210-18,,한국전기차충전서비스,,33.3793824,126.2502022,2018-07-03
"라온프라이빗타운",주차장,제주특별자치도,연중무휴,00:00,23:59,Y,N,,,,N,제주특별자치도 제주시 한림읍 금능남로 127,,한국전기차충전서비스,,33.3760556,126.2441268,2018-07-03
"탐라스테이호텔제주",주차장,제주특별자치도,연중무휴,00:00,23:59,Y,N,,,,N,제주특별자치도 제주시 애월읍 애월해안로 881,,한국전기차충전서비스,,33.4782235,126.3665625,2018-07-03
"윈드힐호텔&리조트",주차장,제주특별자치도,연중무휴,00:00,23:59,Y,N,,,,N,제주특별자치도 제주시 애월읍 애월해안로 554-8,,한국전기차충전서비스,,33.4776427,126.3629501,2018-07-03
"베니키아호텔제주(1)",주차장,제주특별자치도,연중무휴,00:00,23:59,Y,N,,,,N,제주특별자치도 제주시 애월읍 애월해안로 554-10,,한국전기차충전서비스,,33.4776427,126.3629501,2018-07-03
"베니키아호텔제주(2)",주차장,제주특별자치도,연중무휴,00:00,23:59,Y,N,,,,N,제주특별자치도 제주시 애월읍 애월해안로 554-6,,한국전기차충전서비스,,33.4776427,126.3629501,2018-07-03
"(주)엠버서더호텔",주차장,제주특별자치도,연중무휴,00:00,23:59,Y,N,,,,N,제주특별자치도 제주시 삼무로 12,,한국전기차충전서비스,,33.489725,126.4878639,2018-07-03
"엠버리조트",주차장,제주특별자치도,연중무휴,00:00,23:59,Y,N,,,,N,제주특별자치도 제주시 1100로 2671-51,,한국전기차충전서비스,,33.4237259,126.4890631,2018-07-03
"신풍리마을회(게스트하우스)",주차장,제주특별자치도,고객외 이용불가,00:00,23:59,Y,N,,,,N,제주특별자치도 서귀포시 성산읍 신풍하동로 37,,한국전기차충전서비스,,33.3627692,126.8401547,2018-07-03
"쉴띠하우스",주차장,제주특별자치도,연중무휴,00:00,23:59,Y,N,,,,N,제주특별자치도 서귀포시 안덕면 한창로 102-1,,한국전기차충전서비스,,33.2723241,126.3661767,2018-07-03
"아름다운리조트",주차장,제주특별자치도,고객외 이용불가,00:00,23:59,Y,N,,,,N,제주특별자치도 서귀포시 성산읍 해맞이해안로 2644,,한국전기차충전서비스,,33.4752383,126.9101641,2018-07-03
"하와이 관광호텔",주차장,제주특별자치도,연중무휴,00:00,23:59,Y,N,,,,N,제주특별자치도 제주시 사장3길 32,,한국전기차충전서비스,,33.4830625,126.4914979,2018-07-03
"스위스마을",주차장,제주특별자치도,연중무휴,00:00,23:59,Y,N,,,,N,제주특별자치도 제주시 조천읍 함와로 566-27,,한국전기차충전서비스,,33.49394448,126.6767733,2018-07-03
"곶자왈 숲펜션",주차장,제주특별자치도,연중무휴,00:00,23:59,Y,N,,,,N,제주특별자치도 제주시 조천읍 선교로 371-10,,한국전기차충전서비스,,33.472431,126.7090194,2018-07-03
"㈜튤립제주에이엠씨 호텔",주차장,제주특별자치도,고객외 이용불가,00:00,23:59,Y,N,,,,N,제주특별자치도 서귀포시 성산읍 일출로 31,,한국전기차충전서비스,,33.4479486,126.9162124,2018-07-03
"성산 플레이스",주차장,제주특별자치도,고객외 이용불가,00:00,23:59,Y,N,,,,N,제주특별자치도 서귀포시 성산읍 동류암로 20,,한국전기차충전서비스,,33.448917,126.9175588,2018-07-03
"제주특별자치도청",주차장,제주특별자치도,연중무휴,00:00,23:59,N,Y,,,,N,제주특별자치도 제주시 문연로 6,제주특별자치도 제주시 연동 312-1,제주특별자치도,,33.4888341,126.4980797,2018-07-03
"제주특별자치도의회",주차장,제주특별자치도,연중무휴,00:00,23:59,N,Y,,,,N,제주특별자치도 제주시 문연로 13,제주특별자치도 제주시 연동 311-45,제주특별자치도,,33.4903182,126.4992861,2018-07-03
"제주시청",주차장,제주특별자치도,연중무휴,00:00,23:59,N,Y,,,,N,제주특별자치도 제주시 광양9길 10,제주특별자치도 제주시 이도이동 1176-1,제주특별자치도,,33.4999974,126.5319439,2018-07-03
"서귀포시청",주차장,제주특별자치도,연중무휴,00:00,23:59,N,Y,,,,N,제주특별자치도 서귀포시 중앙로 105,제주특별자치도 서귀포시 서홍동 440-1,제주특별자치도,,33.2540922,126.5601945,2018-07-03
"제주시 평생학습센터",주차장,제주특별자치도,연중무휴,00:00,23:59,N,Y,,,,N,제주특별자치도 제주시 사라봉동길 21-1,제주특별자치도 제주시 건입동 538,제주특별자치도,,33.5138253,126.546588,2018-07-03
"한경면사무소",주차장,제주특별자치도,연중무휴,00:00,23:59,N,Y,,,,N,제주특별자치도 제주시 한경면 두신로 84,제주특별자치도 제주시 한경면 신창리 247,제주특별자치도,,33.3500881,126.1841728,2018-07-03
"조천읍사무소",주차장,제주특별자치도,연중무휴,00:00,23:59,N,Y,,,,N,제주특별자치도 제주시 조천읍 신북로 194,제주특별자치도 제주시 조천읍조천리 3147-2,제주특별자치도,,33.5345995,126.6342946,2018-07-03
"축산진흥원",주차장,제주특별자치도,연중무휴,00:00,23:59,N,Y,,,,N,제주특별자치도 제주시 축산마을길 13,제주특별자치도 제주시 노형동 315-7,제주특별자치도,,33.4414666,126.4871027,2018-07-03
"아라동사무소",주차장,제주특별자치도,연중무휴,00:00,23:59,N,Y,,,,N,제주특별자치도 제주시 중앙로 527,제주특별자치도 제주시 아라1동 6103-6,제주특별자치도,,33.4763055,126.5450535,2018-07-03
"남원읍사무소",주차장,제주특별자치도,연중무휴,00:00,23:59,N,Y,,,,N,제주특별자치도 서귀포시 남원읍 태위로 695,제주특별자치도 서귀포시 남원읍 남원리 205-1,제주특별자치도,,33.2797843,126.7205951,2018-07-03
"용담2동 주민센터",주차장,제주특별자치도,연중무휴,00:00,23:59,N,Y,,,,N,제주특별자치도 제주시 흥운길 27,제주특별자치도 제주시 용담2동 358-32,제주특별자치도,,33.5115829,126.5118008,2018-07-03
"제주동물위생연구소",주차장,제주특별자치도,연중무휴,00:00,23:59,N,Y,,,,N,제주특별자치도 제주시 조천읍 와흘리 782,,제주특별자치도,,33.4757908,126.6381228,2018-07-03
"제주시 보건소",주차장,제주특별자치도,연중무휴,00:00,23:59,N,Y,,,,N,제주특별자치도 제주시 연삼로 264,제주특별자치도 제주시 도남동 567-1,제주특별자치도,,33.4917032,126.5202864,2018-07-03
"양지공원",주차장,제주특별자치도,연중무휴,00:00,23:59,N,Y,,,,N,제주특별자치도 제주시 516로 2810-31,제주특별자치도 제주시 영평동 2261,제주특별자치도,,33.4400136,126.5799838,2018-07-03
"제주4·3평화공원",주차장,제주특별자치도,연중무휴,00:00,23:59,N,Y,,,,N,제주특별자치도 제주시 명림로 430,제주특별자치도 제주시 봉개동 237-2,제주특별자치도,,33.4505801,126.6181207,2018-07-03
"제주세계자연유산센터",주차장,제주특별자치도,연중무휴,00:00,23:59,N,Y,,,,N,제주특별자치도 제주시 조천읍 선교로 569-36,제주특별자치도 제주시 조천읍 선흘리 478,제주특별자치도,,33.4570307,126.7142999,2018-07-03
"제주절물자연휴양림",주차장,제주특별자치도,연중무휴,00:00,23:59,N,Y,,,,N,제주특별자치도 제주시 명림로 584,제주특별자치도 제주시 봉개동 산 78-1,제주특별자치도,,33.4393726,126.6284479,2018-07-03
"제주벤처마루",주차장,제주특별자치도,연중무휴,00:00,23:59,N,Y,,,,N,제주특별자치도 제주시 중앙로 217,제주특별자치도 제주시 이도2동 1176-67,제주특별자치도,,33.5003147,126.5300349,2018-07-03
"첨단과학기술단지 외부",주차장,제주특별자치도,연중무휴,00:00,23:59,N,Y,,,,N,제주특별자치도 제주시 영평동 2179-1,,제주전기자동차서비스,,33.4241658,126.5769732,2018-07-03
"첨단과학기술단지 지하",B1 주차장,제주특별자치도,연중무휴,00:00,23:59,N,Y,,,,N,제주특별자치도 제주시 첨단로 213-3,제주특별자치도 제주시 영평동 2170-1,제주전기자동차서비스,,33.4537553,126.5726665,2018-07-03
"노형 미리내S클래스APT",105동 앞 지하주차장,제주특별자치도,연중무휴,00:00,23:59,N,Y,,,,N,제주특별자치도 제주시 광평동로 66,제주특별자치도 제주시 노형동 2585-1,제주전기자동차서비스,,33.4856571,126.4679685,2018-07-03
"경마공원",외부주차장,제주특별자치도,연중무휴,00:00,23:59,N,Y,,,,N,제주특별자치도 제주시 애월읍 평화로 2144,제주특별자치도 제주시 애월읍 유수암리 1206,제주전기자동차서비스,,33.4055799,126.4001778,2018-07-03
JIBS 사옥 주차장,외부주차장,제주특별자치도,연중무휴,00:00,23:59,N,Y,,,,N,제주특별자치도 제주시 연삼로 95,제주특별자치도 제주시 오라3동 2750,제주전기자동차서비스,,33.4938653,126.5025175,2018-07-03
KBS 사옥 주차장,외부주차장,제주특별자치도,연중무휴,00:00,23:59,N,Y,,,,N,제주특별자치도 제주시 복지로1길 8,제주특별자치도 제주시 도남동 668,제주전기자동차서비스,,33.4891086,126.519415,2018-07-03
"문예회관",외부주차장,제주특별자치도,연중무휴,00:00,23:59,N,Y,,,,N,제주특별자치도 제주시 동광로 69,제주특별자치도 제주시 일도2동 852,제주전기자동차서비스,,33.5043089,126.5353859,2018-07-03
"아모렉스리조트",외부주차장,제주특별자치도,연중무휴,00:00,23:59,N,Y,,,,N,제주특별자치도 제주시 서해안로 216,제주특별자치도 제주시 도두1동 1742,제주전기자동차서비스,,33.5074916,126.4702754,2018-07-03
"보오메꾸뜨르호텔",주차장,제주특별자치도,연중무휴,00:00,23:59,N,Y,,,,N,제주특별자치도 제주시 신광로 95,제주특별자치도 제주시 연동 276-1,제주전기자동차서비스,,33.4834889,126.4901596,2018-07-03
"올레리조트",주차장 입구 전방,제주특별자치도,연중무휴,00:00,23:59,N,Y,,,,N,제주특별자치도 제주시 애월읍 부룡수길 33,제주특별자치도 제주시 애월읍 신엄리 2867-3,제주전기자동차서비스,,33.4756942,126.3558489,2018-07-03
"에코랜드테마파크",주차장,제주특별자치도,연중무휴,00:00,23:59,N,Y,,,,N,제주특별자치도 제주시 조천읍 남조로 1982,제주특별자치도 제주시 조천읍 교래리 385-1,제주전기자동차서비스,,33.4845921,126.6554822,2018-07-03
"대명리조트",측주차장 첫번째 블록,제주특별자치도,연중무휴,00:00,23:59,N,Y,,,,N,제주특별자치도 제주시 조천읍 신북로 577,제주특별자치도 제주시 조천읍 함덕리 274,제주전기자동차서비스,,33.5412863,126.6714847,2018-07-03
"라온프라이빗타운",라온 프라이빗CC 중간 주차장,제주특별자치도,연중무휴,00:00,23:59,N,Y,,,,N,제주특별자치도 제주시 한림읍 금능남로 127,제주특별자치도 제주시 한림읍 협재리 2838.,제주전기자동차서비스,,33.3760556,126.2441268,2018-07-03
"바다어사또",외부 주차장,제주특별자치도,연중무휴,00:00,23:59,N,Y,,,,N,제주특별자치도 제주시 조천읍 조함해안로 478,제주특별자치도 제주시 조천읍 함덕리 1252-43,제주전기자동차서비스,,33.5440366,126.6537771,2018-07-03
"맥도날드 공항점",우측 주차장,제주특별자치도,연중무휴,00:00,23:59,N,Y,,,,N,제주특별자치도 제주시 도령로 159,제주특별자치도 제주시 용담2동 1787,제주전기자동차서비스,,33.4951553,126.4926946,2018-07-03
"리젠트마린호텔",내부 주차장,제주특별자치도,연중무휴,00:00,23:59,N,Y,,,,N,제주특별자치도 제주시 서부두2길 20,제주특별자치도 제주시 건입동 1443,제주전기자동차서비스,,33.5176293,126.5267886,2018-07-03
"제주시 앨리시안CC",주차장,제주특별자치도,연중무휴,00:00,23:59,N,Y,,,,N,제주특별자치도 제주시 애월읍 평화로 1738-116,제주특별자치도 제주시 애월읍 어음리 3914,제주전기자동차서비스,,33.3723595,126.3808542,2018-07-03
"제주웰컴센터",정면 주차장,제주특별자치도,연중무휴,00:00,23:59,N,Y,,,,N,제주특별자치도 제주시 선덕로 23,제주특별자치도 제주시 연동 313-80,제주전기자동차서비스,,33.4863166,126.4990979,2018-07-03
"호텔휘슬락",내부 주차장,제주특별자치도,연중무휴,00:00,23:59,N,Y,,,,N,제주특별자치도 제주시 서부두2길 26,제주특별자치도 제주시 건입동 1443-2,제주전기자동차서비스,,33.5174781,126.5277195,2018-07-03
"한림공원",주차장 서측,제주특별자치도,연중무휴,00:00,23:59,N,Y,,,,N,제주특별자치도 제주시 한림읍 한림로 300,제주특별자치도 제주시 한림읍 협재리 2487,제주전기자동차서비스,,33.3894949,126.2396825,2018-07-03
"서귀포시 해비치리조트",지하주차장,제주특별자치도,연중무휴,00:00,23:59,N,Y,,,,N,제주특별자치도 서귀포시 표선면 민속해안로 537,제주특별자치도 서귀포시 표선면 표선리 40-69,제주전기자동차서비스,,33.3234478,126.8447796,2018-07-03
"신라호텔",주차장 우측 안쪽 가장자리,제주특별자치도,연중무휴,00:00,23:59,N,Y,,,,N,제주특별자치도 서귀포시 중문관광로72번길 75,제주특별자치도 서귀포시 색달동 3039-3,제주전기자동차서비스,,33.2475582,126.4081161,2018-07-03
"중문덤장",주차장 좌측,제주특별자치도,연중무휴,00:00,23:59,N,Y,,,,N,제주특별자치도 서귀포시 천제연로 17,제주특별자치도 서귀포시 색달동 2119,제주전기자동차서비스,,33.2576625,126.4082795,2018-07-03
"금호리조트",정문 우측 주차장,제주특별자치도,연중무휴,00:00,23:59,N,Y,,,,N,제주특별자치도 서귀포시 남원읍 태위로 522-12,제주특별자치도 서귀포시 남원읍 남원리 2384-1,제주전기자동차서비스,,33.2729636,126.7014772,2018-07-03
"사이프러스 CC",진입 첫번째 주차장 입구 좌측,제주특별자치도,연중무휴,00:00,23:59,N,Y,,,,N,제주특별자치도 서귀포시 표선면 번영로 2300,제주특별자치도 서귀포시 표선면 성읍리 3129,제주전기자동차서비스,,33.4105154,126.7516772,2018-07-03
"홈플러스 서귀포점",2층 주차장,제주특별자치도,연중무휴,00:00,23:59,N,Y,,,,N,제주특별자치도 서귀포시 중앙로 180,제주특별자치도 서귀포시 동홍동 1558,제주전기자동차서비스,,33.2604879,126.5600101,2018-07-03
"중문교회",주차장 좌측 측면,제주특별자치도,연중무휴,00:00,23:59,N,Y,,,,N,제주특별자치도 서귀포시 일주서로 835,제주특별자치도 서귀포시 색달동 2436,제주전기자동차서비스,,33.258334,126.4214249,2018-07-03
"제주민속촌박물관",주차장,제주특별자치도,연중무휴,00:00,23:59,N,Y,,,,N,제주특별자치도 서귀포시 표선면 민속해안로 631-34,제주특별자치도 서귀포시 표선면 표선리 40-1,제주전기자동차서비스,,33.3223451,126.8414874,2018-07-03
"박물관은살아있다",우측 주차장 측면,제주특별자치도,연중무휴,00:00,23:59,N,Y,,,,N,제주특별자치도 서귀포시 중문관광로 42,제주특별자치도 서귀포시 색달동 2629,제주전기자동차서비스,,33.2549224,126.4087187,2018-07-03
"맥도날드월드컵점",주차장 측면,제주특별자치도,연중무휴,00:00,23:59,N,Y,,,,N,제주특별자치도 서귀포시 일주서로 7,제주특별자치도 서귀포시 강정동 231-1,제주전기자동차서비스,,33.2532617,126.473267,2018-07-03
"제주시 소인국테마파크",주차장,제주특별자치도,연중무휴,00:00,23:59,N,Y,,,,N,제주특별자치도 서귀포시 안덕면 중산간서로 1878,제주특별자치도 서귀포시 안덕면 서광리 725,제주전기자동차서비스,,33.2904213,126.322602,2018-07-03
"아프리카박물관",우측주차장 가장자리,제주특별자치도,연중무휴,00:00,23:59,N,Y,,,,N,제주특별자치도 서귀포시 이어도로 49,제주특별자치도 서귀포시 대포동 1833,제주전기자동차서비스,,33.2398402,126.4291443,2018-07-03
"코리아마트 동흥점",마트 앞 주차장,제주특별자치도,연중무휴,00:00,23:59,N,Y,,,,N,제주특별자치도 서귀포시 태평로537번길 49,제주특별자치도 서귀포시 동홍동 645-4,제주전기자동차서비스,,33.2526876,126.570047,2018-07-03
"제주전기렌트카",주차장 입구 전방,제주특별자치도,연중무휴,00:00,23:59,N,Y,,,,N,제주특별자치도 제주시 서해안로 22-5,제주특별자치도 제주시 이호1동 467-1,제주전기자동차서비스,,33.5001145,126.4576555,2018-07-03
"제주전기렌트카 공항 인근주차장",주차장,제주특별자치도,연중무휴,00:00,23:59,N,Y,,,,N,제주특별자치도 제주시 도두이동 1021-1,,제주전기자동차서비스,,33.5018992,126.4806046,2018-07-03
"기아 제주 서비스센터",주차장,제주특별자치도,고객외 이용불가,00:00,23:59,N,Y,,,,N,제주특별자치도 제주시 선반로6길 12,,기아자동차,,33.513832,126.5617605,2018-07-03
"하원중문점",주차장,제주특별자치도,고객외 이용불가,00:00,23:59,N,Y,,,,N,제주특별자치도 서귀포시 일주서로 478,,기아자동차,,33.2544761,126.4582087,2018-07-03
"씨유 제주 표선남촌점",지상주차장,제주특별자치도,연중무휴,00:00,23:59,N,Y,,,,N,제주특별자치도 서귀포시 표선면 표선동서로 138,제주특별자치도 서귀포시 표선면 표선리 1466-2,클린일렉스,,33.3247649,126.8331191,2018-07-03
"씨유 제주교래점",지상주차장,제주특별자치도,연중무휴,00:00,23:59,N,Y,,,,N,제주특별자치도 제주시 조천읍 비자림로 684,제주특별자치도 제주시 조천읍 교래리 566,클린일렉스,,33.4319106,126.696186,2018-07-03
"씨유 제주씨앤블루점",지상주차장,제주특별자치도,연중무휴,00:00,23:59,N,Y,,,,N,제주특별자치도 제주시 애월읍 애월해안로 576,제주특별자치도 제주시 애월읍 신엄리 2718-1,클린일렉스,,33.4782235,126.3665625,2018-07-03
"씨유 서귀태흥점",지상주차장,제주특별자치도,연중무휴,00:00,23:59,N,Y,,,,N,제주특별자치도 서귀포시 남원읍 일주동로 6745,제주특별자치도 서귀포시 남원읍 태흥리 103-1,클린일렉스,,33.2835671,126.7051642,2018-07-03
"씨유 서귀외돌개점",지상주차장,제주특별자치도,연중무휴,00:00,23:59,N,Y,,,,N,제주특별자치도 서귀포시 남성중로 131,제주특별자치도 서귀포시 서홍동 643,클린일렉스,,33.2438918,126.5547833,2018-07-03
"서귀포지사",주차장,제주특별자치도,연중무휴,00:00,23:59,N,Y,,,,N,제주특별자치도 서귀포시 신중로 56,,한국전력,,33.2541046,126.5108726,2018-07-03
"제주전력지사",주차장,제주특별자치도,연중무휴,00:00,23:59,N,Y,,,,N,제주특별자치도 제주시 가령로 68,,한국전력,,33.498292,126.536771,2018-07-03
"제주직할",주차장,제주특별자치도,연중무휴,00:00,23:59,N,Y,,,,N,제주특별자치도 제주시 문연로 36,,한국전력,,33.4890305,126.5013451,2018-07-03
"스마트그리드 홍보관",주차장,제주특별자치도,연중무휴,00:00,23:59,N,Y,,,,N,제주특별자치도 제주시 구좌읍 행원로 13길 122,,한국전력,,33.5568204,126.8135728,2018-07-03
"종합경기장",주차장,제주특별자치도,연중무휴,00:00,23:59,N,Y,,,,N,제주특별자치도 제주시 오라1동 1163-4,,한국전력,,33.4974778,126.515547,2018-07-03
"서부소방서",주차장,제주특별자치도,연중무휴,00:00,23:59,N,Y,,,,N,제주특별자치도 제주시 한림읍 한림중앙로 150,,한국전력,,33.4024456,126.270402,2018-07-03
"제주 삼양 유적지",주차장,제주특별자치도,연중무휴,00:00,23:59,N,Y,,,,N,제주특별자치도 제주시 삼양1동 1660-5,,한국전력,,33.5236286,126.5881806,2018-07-03
"제주의료원",주차장,제주특별자치도,연중무휴,00:00,23:59,N,Y,,,,N,제주특별자치도 제주시 아라1동 4-17,,한국전력,,33.4452709,126.5601453,2018-07-03
"한림체육관",주차장,제주특별자치도,연중무휴,00:00,23:59,N,Y,,,,N,제주특별자치도 제주시 한림읍 한림리 887-2,,한국전력,,33.4089702,126.2684786,2018-07-03
"한경119센터",주차장,제주특별자치도,연중무휴,00:00,23:59,N,Y,,,,N,제주특별자치도 제주시 일주서로 4218,,한국전력,,33.3426894,126.1829494,2018-07-03
"남원생활체육관",주차장,제주특별자치도,연중무휴,00:00,23:59,N,Y,,,,N,제주특별자치도 서귀포시 남원읍 태위로 551-28,,한국전력,,33.2779482,126.7044594,2018-07-03
"난산리 다목적회관",주차장,제주특별자치도,연중무휴,00:00,23:59,N,Y,,,,N,제주특별자치도 서귀포시 성산읍 난산리 1074,,한국전력,,33.4010138,126.8709732,2018-07-03
"서귀포의료원",주차장,제주특별자치도,연중무휴,00:00,23:59,N,Y,,,,N,제주특별자치도 서귀포시 동홍동 1530-2,,한국전력,,33.2557649,126.5645342,2018-07-03
"수산1리 복지회관",주차장,제주특별자치도,연중무휴,00:00,23:59,N,Y,,,,N,제주특별자치도 서귀포시 성산읍 수산리 703-1,,한국전력,,33.445846,126.8830815,2018-07-03
"정방폭포",주차장,제주특별자치도,연중무휴,00:00,23:59,N,Y,,,,N,제주특별자치도 서귀포시 동홍동278,,한국전력,,33.2980926,126.5504389,2018-07-03
"개인택시조합",주차장,제주특별자치도,연중무휴,00:00,23:59,N,Y,,,,N,제주특별자치도 제주시 정존1길 22,,한국전력,,33.4827479,126.4715605,2018-07-03
"행복날개 주유소",주차장,제주특별자치도,연중무휴,00:00,23:59,N,Y,,,,N,제주특별자치도 제주시 용문로 12,,한국전력,,33.5050106,126.4976141,2018-07-03
LH제주본부,주차장,제주특별자치도,연중무휴,00:00,23:59,N,Y,,,,N,제주특별자치도 제주시 전농로 100,,한국전력,,33.5040866,126.5237993,2018-07-03
"국립제주박물관",주차장,제주특별자치도,연중무휴,00:00,23:59,N,Y,,,,N,제주특별자치도 제주시 일주동로 17,,한국전력,,33.5139974,126.5489702,2018-07-03
"김창열미술관",주차장,제주특별자치도,연중무휴,00:00,23:59,N,Y,,,,N,제주특별자치도 제주시 한림읍 용금로 883-5,,한국전력,,33.3389037,126.2682351,2018-07-03
"도두동 주민센터",주차장,제주특별자치도,연중무휴,00:00,23:59,N,Y,,,,N,제주특별자치도 제주시 도두1길 9-1,,한국전력,,33.5028684,126.4682368,2018-07-03
"동부농업기술센타",주차장,제주특별자치도,연중무휴,00:00,23:59,N,Y,,,,N,제주특별자치도 제주시 김녕남 6길 8,,한국전력,,33.5500699,126.750406,2018-07-03
"베스트힐 주차장(조천읍)",주차장,제주특별자치도,연중무휴,00:00,23:59,N,Y,,,,N,제주특별자치도 제주시 조천읍 남조로 2109-38,,한국전력,,33.4845921,126.6554822,2018-07-03
"부민장례식장",주차장,제주특별자치도,연중무휴,00:00,23:59,N,Y,,,,N,제주특별자치도 제주시 연북로 378,,한국전력,,33.4803205,126.5219174,2018-07-03
"서부경찰서",주차장,제주특별자치도,연중무휴,00:00,23:59,N,Y,,,,N,제주특별자치도 제주시 애월읍 애조로 215,,한국전력,,33.4735853,126.4062819,2018-07-03
"송당리사무소",주차장,제주특별자치도,연중무휴,00:00,23:59,N,Y,,,,N,제주특별자치도 제주시 송당리 1265-1,,한국전력,,33.4713595,126.779182,2018-07-03
"애월119센터",주차장,제주특별자치도,연중무휴,00:00,23:59,N,Y,,,,N,제주특별자치도 제주시 애월읍 일주서로 6513,,한국전력,,33.466277,126.3511114,2018-07-03
"유리의성",주차장,제주특별자치도,연중무휴,00:00,23:59,N,Y,,,,N,제주특별자치도 제주시 한경면 녹차분재로 462,,한국전력,,33.3148365,126.2734488,2018-07-03
"유수암",주차장,제주특별자치도,연중무휴,00:00,23:59,N,Y,,,,N,제주특별자치도 제주시 애월읍 유수암리 1014,,한국전력,,33.423605,126.4079743,2018-07-03
"제주 동부보건소",주차장,제주특별자치도,연중무휴,00:00,23:59,N,Y,,,,N,제주특별자치도 제주시 구좌읍 김녕료 14길 6,,한국전력,,33.5543773,126.7513422,2018-07-03
"조천119센터",주차장,제주특별자치도,연중무휴,00:00,23:59,N,Y,,,,N,제주특별자치도 제주시 조천읍 신북로 337,,한국전력,,33.5410941,126.6469034,2018-07-03
"한라산국립공원 관음사탐방안내소",주차장,제주특별자치도,연중무휴,00:00,23:59,N,Y,,,,N,제주특별자치도 제주시 산록북로 588,,한국전력,,33.4218993,126.5503226,2018-07-03
"한라산국립공원 어리목탐방안내소",주차장,제주특별자치도,연중무휴,00:00,23:59,N,Y,,,,N,제주특별자치도 제주시 1100로 2070-61,,한국전력,,33.3922314,126.4945663,2018-07-03
"해양경비안전센터 고산출장소",주차장,제주특별자치도,연중무휴,00:00,23:59,N,Y,,,,N,제주특별자치도 제주시 한경면 노을해안로 1145,,한국전력,,33.3081601,126.164197,2018-07-03
"가시리 조랑말체험공원",주차장,제주특별자치도,연중무휴,00:00,23:59,N,Y,,,,N,제주특별자치도 서귀포시 녹산로 381-15,,한국전력,,33.3831271,126.7362573,2018-07-03
"강창학경기장",주차장,제주특별자치도,연중무휴,00:00,23:59,N,Y,,,,N,제주특별자치도 서귀포시 중산간서로 95,,한국전력,,33.2596431,126.501791,2018-07-03
"남원 의례회관",주차장,제주특별자치도,연중무휴,00:00,23:59,N,Y,,,,N,제주특별자치도 서귀포시 남원리 381,,한국전력,,33.2942215,126.7113789,2018-07-03
"대천동주민센터",주차장,제주특별자치도,연중무휴,00:00,23:59,N,Y,,,,N,제주특별자치도 서귀포시 도순로 44,,한국전력,,33.2507866,126.477585,2018-07-03
"동부소방서",주차장,제주특별자치도,연중무휴,00:00,23:59,N,Y,,,,N,제주특별자치도 서귀포시 성산읍 일주동로 4120번길 7,,한국전력,,33.460229,126.9100702,2018-07-03
"서귀포해양경비안전서",주차장,제주특별자치도,연중무휴,00:00,23:59,N,Y,,,,N,제주특별자치도 서귀포시 서호남로 11,,한국전력,,33.251274,126.5138153,2018-07-03
"성산하수처리장",주차장,제주특별자치도,연중무휴,00:00,23:59,N,Y,,,,N,제주특별자치도 서귀포시 성산읍 고성동서로 115,,한국전력,,33.4518197,126.9189457,2018-07-03
"안덕119센터",주차장,제주특별자치도,연중무휴,00:00,23:59,N,Y,,,,N,제주특별자치도 서귀포시 대정읍 화순서서로 2,,한국전력,,33.2807659,126.3071304,2018-07-03
"안덕계곡 주차장",주차장,제주특별자치도,연중무휴,00:00,23:59,N,Y,,,,N,제주특별자치도 서귀포시 감산리 345,,한국전력,,33.2576211,126.3532545,2018-07-03
"안덕생활체육관",주차장,제주특별자치도,연중무휴,00:00,23:59,N,Y,,,,N,제주특별자치도 서귀포시 화순서서로 59,,한국전력,,33.2558062,126.3283213,2018-07-03
"영실매표소",주차장,제주특별자치도,연중무휴,00:00,23:59,N,Y,,,,N,제주특별자치도 서귀포시 영실로 246,,한국전력,,33.3698523,126.5556383,2018-07-03
"영어교육도시119센터",주차장,제주특별자치도,연중무휴,00:00,23:59,N,Y,,,,N,제주특별자치도 서귀포시 대정읍 에듀시티로 238,,한국전력,,33.284366,126.276762,2018-07-03
"예래동주민센터",주차장,제주특별자치도,연중무휴,00:00,23:59,N,Y,,,,N,제주특별자치도 서귀포시 예래로 82,,한국전력,,33.2542814,126.3979513,2018-07-03
"용머리해안",주차장,제주특별자치도,연중무휴,00:00,23:59,N,Y,,,,N,제주특별자치도 서귀포시 안덕면 사계남로216번길 28,,한국전력,,33.2337921,126.3109307,2018-07-03
"제주국제평화센터",주차장,제주특별자치도,연중무휴,00:00,23:59,N,Y,,,,N,제주특별자치도 서귀포시 중문관광로 227-24,,한국전력,,33.2443989,126.4218997,2018-07-03
"청소년 문화의 집",주차장,제주특별자치도,연중무휴,00:00,23:59,N,Y,,,,N,제주특별자치도 서귀포시 화순로 56번길 20,,한국전력,,33.2495585,126.3371369,2018-07-03
"화순리 종합복지관",주차장,제주특별자치도,연중무휴,00:00,23:59,N,Y,,,,N,제주특별자치도 서귀포시 화순서서로 106,,한국전력,,33.2722795,126.3173932,2018-07-03
"서부농업기술센터",주차장,제주특별자치도,연중무휴,00:00,23:59,N,Y,,,,N,제주특별자치도 제주시 한림읍 월림7길 90,,한국전력,,33.353628,126.2483963,2018-07-03
"제주KCTV",주차장,제주특별자치도,연중무휴,00:00,23:59,N,Y,,,,N,제주특별자치도 제주시 아연로 2,,한국전력,,33.4812035,126.4962404,2018-07-03
"제주공항",주차장,제주특별자치도,연중무휴,00:00,23:59,N,Y,,,,N,제주특별자치도 제주시 용담2동 1950-5,,한국전력,,33.5046766,126.4937973,2018-07-03
"제주 교육대학교",주차장,제주특별자치도,연중무휴,00:00,23:59,N,Y,,,,N,제주특별자치도 제주시 일주동로 61,,한국전력,,33.5145691,126.5516729,2018-07-03
"제주도교육청",주차장,제주특별자치도,연중무휴,00:00,23:59,N,Y,,,,N,제주특별자치도 제주시 연동 311-46,,한국전력,,33.4902703,126.4982303,2018-07-03
"제주권역재활센터",주차장,제주특별자치도,연중무휴,00:00,23:59,N,Y,,,,N,제주특별자치도 서귀포시 서귀동 284-1 서귀동 284-1,,한국전력,,33.2527497,126.5623777,2018-07-03
"표선 해양경비단",주차장,제주특별자치도,연중무휴,00:00,23:59,N,Y,,,,N,제주특별자치도 서귀포시 표선면 하천리 1493-4,,한국전력,,33.3568228,126.8230904,2018-07-03
"삼양2동 공영주차장",공영주차장,제주특별자치도,연중무휴,00:00,23:59,N,Y,,,,N,제주특별자치도 제주시 삼양2동 2176-13,,한국전력,,33.5197151,126.582675,2018-07-03
"베라체 공영주차장",공영주차장,제주특별자치도,연중무휴,00:00,23:59,N,Y,,,,N,제주특별자치도 제주시 이도2동 1963-7,,한국전력,,33.4969863,126.5353375,2018-07-03
"일성비치콘도미니엄",주차장,제주특별자치도,연중무휴,00:00,23:59,Y,N,,,,N,제주특별자치도 제주시 한림읍 한림로 127,,케이티,,33.3852479,126.2212993,2018-07-03
"제주도농아복지관",주차장,제주특별자치도,고객외 이용불가,00:00,23:59,Y,N,,,,N,제주특별자치도 제주시 우령서로16길 19,,케이티,,33.4848735,126.4257375,2018-07-03
"라마다제주시티호텔",주차장,제주특별자치도,고객외 이용불가,00:00,23:59,Y,N,,,,N,제주특별자치도 제주시 중앙로 304,,케이티,,33.4934657,126.5343138,2018-07-03
"제주조각공원",주차장,제주특별자치도,연중무휴,00:00,23:59,Y,N,,,,N,제주특별자치도 서귀포시 안덕면 일주서로 1836,,케이티,,33.256807,126.321633,2018-07-03
"제주마리나호텔",주차장,제주특별자치도,고객외 이용불가,00:00,23:59,Y,N,,,,N,제주특별자치도 제주시 신대로 45,,케이티,,33.4932864,126.4972969,2018-07-03
"제주퍼시픽호텔",주차장,제주특별자치도,연중무휴,00:00,23:59,Y,N,,,,N,제주특별자치도 제주시 서사로 20,,케이티,,33.5106545,126.5191158,2018-07-03
"애월유니호텔",주차장,제주특별자치도,고객외 이용불가,00:00,23:59,Y,N,,,,N,제주특별자치도 제주시 애월읍 애월해안로 656,,케이티,,33.4782235,126.3665625,2018-07-03
"남원읍 공영주차장",공영주차장,제주특별자치도,연중무휴,00:00,23:59,N,Y,,,,N,제주특별자치도 서귀포시 남원읍 남원리 84-2,,환경부(한국자동차환경협회),,33.2788184,126.7214486,2018-07-03
"위미의례회관",주차장,제주특별자치도,연중무휴,00:00,23:59,N,Y,,,,N,제주특별자치도 서귀포시 남원읍 중산간동로 6862,,환경부(한국자동차환경협회),,33.288095,126.657825,2018-07-03
"대정감협 인근 공영주차장",주차장 좌측,제주특별자치도,연중무휴,00:00,23:59,N,Y,,,,N,제주특별자치도 서귀포시 대정읍 하모리 964-2,,환경부(한국자동차환경협회),,33.2230292,126.2520661,2018-07-03
"퐁낭 작은 도서관",앞 주차장,제주특별자치도,연중무휴,00:00,23:59,N,Y,,,,N,제주특별자치도 서귀포시 동홍동 470-1,,환경부(한국자동차환경협회),,33.2557425,126.5723463,2018-07-03
"월드컵경기장 인근 공영주차장",공영주차장,제주특별자치도,연중무휴,00:00,23:59,N,Y,,,,N,제주특별자치도 서귀포시 법환동 870,,환경부(한국자동차환경협회),,33.2481172,126.5110332,2018-07-03
"중문 관광단지",중문색달해변 북측 증설주차장,제주특별자치도,연중무휴,00:00,23:59,N,Y,,,,N,제주특별자치도 서귀포시 색달동 2889-1,,환경부(한국자동차환경협회),,33.2814107,126.4111118,2018-07-03
"중앙공영주차장",우리은행 서귀포점 인근 공영주차장,제주특별자치도,연중무휴,00:00,23:59,N,Y,,,,N,제주특별자치도 서귀포시 서귀동 291-2,,환경부(한국자동차환경협회),,33.2499701,126.5624597,2018-07-03
"아랑조을거리 공영주차장",공영주차장,제주특별자치도,연중무휴,00:00,23:59,N,Y,,,,N,제주특별자치도 서귀포시 서귀동 312-6,,환경부(한국자동차환경협회),,33.2477823,126.5603076,2018-07-03
"서귀포성당",뒤 주차장,제주특별자치도,연중무휴,00:00,23:59,N,Y,,,,N,제주특별자치도 서귀포시 서귀동 600-3,,환경부(한국자동차환경협회),,33.2436583,126.5629579,2018-07-03
"국토교통부 인재개발원 앞 주차장",주차장 안쪽,제주특별자치도,연중무휴,00:00,23:59,N,Y,,,,N,제주특별자치도 서귀포시 서호동 1603,,환경부(한국자동차환경협회),,33.2784399,126.5169922,2018-07-03
"천지연폭포",주차장,제주특별자치도,연중무휴,00:00,23:59,N,Y,,,,N,제주특별자치도 서귀포시 서홍동 666-1,,환경부(한국자동차환경협회),,33.2447447,126.5597544,2018-07-03
"성산읍 공영주차장",공영주차장,제주특별자치도,연중무휴,00:00,23:59,N,Y,,,,N,제주특별자치도 서귀포시 성산읍 고성리 327-1,,환경부(한국자동차환경협회),,33.4342204,126.9050229,2018-07-03
"성산일출봉 공영주차장",공중화장실 앞 전기차 주차면,제주특별자치도,연중무휴,00:00,23:59,N,Y,,,,N,제주특별자치도 서귀포시 성산읍 일출로 284-6,,환경부(한국자동차환경협회),,33.4624691,126.9352237,2018-07-03
"안덕우체국",뒤 주차장,제주특별자치도,연중무휴,00:00,23:59,N,Y,,,,N,제주특별자치도 서귀포시 안덕면 화순리 1072,,환경부(한국자동차환경협회),,33.2462682,126.3353527,2018-07-03
"서귀포시 매일시장",공영주차장,제주특별자치도,연중무휴,00:00,23:59,N,Y,,,,N,제주특별자치도 서귀포시 중앙로62번길 18,,환경부(한국자동차환경협회),,33.2501708,126.5636786,2018-07-03
"표선민속마을 해비치 해변 공영주차장",해변 공영주차장,제주특별자치도,연중무휴,00:00,23:59,N,Y,,,,N,제주특별자치도 서귀포시 표선면 민속해안로 631-45,,환경부(한국자동차환경협회),,33.3250881,126.838229,2018-07-03
"표선 의례회관 앞 공영주차장",공영주차장,제주특별자치도,연중무휴,00:00,23:59,N,Y,,,,N,제주특별자치도 서귀포시 표선면 표선리 2103,,환경부(한국자동차환경협회),,33.3225332,126.8228665,2018-07-03
"회수사거리 인근 공영주차장",공영주차장,제주특별자치도,연중무휴,00:00,23:59,N,Y,,,,N,제주특별자치도 서귀포시 회수동 788-2,,환경부(한국자동차환경협회),,33.2630754,126.4425071,2018-07-03
"오일장 인근 주차장",주차장,제주특별자치도,연중무휴,00:00,23:59,N,Y,,,,N,제주특별자치도 제주시 구좌읍 세화리 1500-41,,환경부(한국자동차환경협회),,33.5263491,126.8569731,2018-07-03
"용암해수산업화지원센터",주차장,제주특별자치도,연중무휴,00:00,23:59,N,Y,,,,N,제주특별자치도 제주시 구좌읍 일주동로 2706-40,,환경부(한국자동차환경협회),,33.5314441,126.8206181,2018-07-03
"제주상공회의소",뒤편 주차장,제주특별자치도,연중무휴,00:00,23:59,N,Y,,,,N,제주특별자치도 제주시 도남동 574-3,,환경부(한국자동차환경협회),,33.4904195,126.5201501,2018-07-03
"이호동 주민센터",주차장,제주특별자치도,연중무휴,00:00,23:59,N,Y,,,,N,제주특별자치도 제주시 백포서길 9,,환경부(한국자동차환경협회),,33.4997537,126.4581461,2018-07-03
"한국폴리텍대학 제주캠퍼스",북쪽주차장 입구,제주특별자치도,연중무휴,00:00,23:59,N,Y,,,,N,제주특별자치도 제주시 산천단 동3길 2,,환경부(한국자동차환경협회),,33.4478624,126.5612608,2018-07-03
"한라수목원",주차장,제주특별자치도,연중무휴,00:00,23:59,N,Y,,,,N,제주특별자치도 제주시 수목원길 72,,환경부(한국자동차환경협회),,33.4699272,126.4932445,2018-07-03
"탐라중학교 공영주차장",공영주차장,제주특별자치도,연중무휴,00:00,23:59,N,Y,,,,N,제주특별자치도 제주시 아라동 3008-1,,환경부(한국자동차환경협회),,33.4763498,126.5450031,2018-07-03
"아라지구 공영주차장",공영주차장,제주특별자치도,연중무휴,00:00,23:59,N,Y,,,,N,제주특별자치도 제주시 아라동 6140-4,,환경부(한국자동차환경협회),,33.4763498,126.5450031,2018-07-03
"상가리사무소",주차장,제주특별자치도,연중무휴,00:00,23:59,N,Y,,,,N,제주특별자치도 제주시 애월읍 상가리 1196-1,,환경부(한국자동차환경협회),,33.4496555,126.3456891,2018-07-03
"오일시장 일대 공영주차장",공영주차장,제주특별자치도,연중무휴,00:00,23:59,N,Y,,,,N,제주특별자치도 제주시 오일장서길 26,,환경부(한국자동차환경협회),,33.4974552,126.4747907,2018-07-03
"외도구획정리지구 공영주차장",공영주차장,제주특별자치도,연중무휴,00:00,23:59,N,Y,,,,N,제주특별자치도 제주시 외도1동 482-1,,환경부(한국자동차환경협회),,33.4899087,126.432638,2018-07-03
"삼성혈 인근 공영주차장",공영주차장,제주특별자치도,연중무휴,00:00,23:59,N,Y,,,,N,제주특별자치도 제주시 이도1동 1293-1,,환경부(한국자동차환경협회),,33.5046445,126.5303835,2018-07-03
"이도주민센터",주차장,제주특별자치도,연중무휴,00:00,23:59,N,Y,,,,N,제주특별자치도 제주시 이도1동 1695-10,,환경부(한국자동차환경협회),,33.5067302,126.5270745,2018-07-03
"영락교회 인근 공영주차장",공영주차장,제주특별자치도,연중무휴,00:00,23:59,N,Y,,,,N,제주특별자치도 제주시 일도2동 488-1,,환경부(한국자동차환경협회),,33.5106341,126.5442435,2018-07-03
"제주시 상하수도본부",주차장,제주특별자치도,연중무휴,00:00,23:59,N,Y,,,,N,제주특별자치도 제주시 조천읍 중산간동로 601,,환경부(한국자동차환경협회),,33.4996454,126.6503584,2018-07-03
"하귀1지구 공영주차장",공영주차장,제주특별자치도,연중무휴,00:00,23:59,N,Y,,,,N,제주특별자치도 제주시 하귀1리 176-3,,환경부(한국자동차환경협회),,33.4845878,126.4177465,2018-07-03
"한경도서관",입구 우측,제주특별자치도,연중무휴,00:00,23:59,N,Y,,,,N,제주특별자치도 제주시 한경면 신창리 233-1,,환경부(한국자동차환경협회),,33.3498289,126.1845735,2018-07-03
"한림공원 인근 공영주차장",재릉종합관광안내센터 우측,제주특별자치도,연중무휴,00:00,23:59,N,Y,,,,N,제주특별자치도 제주시 한림읍 금능리 2018,,환경부(한국자동차환경협회),,33.389522,126.2392559,2018-07-03
"한림읍체육관",주차장,제주특별자치도,연중무휴,00:00,23:59,N,Y,,,,N,제주특별자치도 제주시 한림읍 한림중앙로 71-9,,환경부(한국자동차환경협회),,33.4089702,126.2684786,2018-07-03
"화북동주민센터",주차장,제주특별자치도,연중무휴,00:00,23:59,N,Y,,,,N,제주특별자치도 제주시 화북1동 1976-6,,환경부(한국자동차환경협회),,33.5204337,126.5654508,2018-07-03
"한반도제주호텔",주차장,제주특별자치도,연중무휴,00:00,23:59,N,Y,,,,N,제주특별자치도 제주시 연동2334-4,,환경부(한국자동차환경협회),,33.4933987,126.4909571,2018-07-03
"㈜행운식품",주차장,제주특별자치도,연중무휴,00:00,23:59,N,Y,,,,N,제주특별자치도 제주시 조천읍 함덕리 906,,환경부(한국자동차환경협회),,33.5368718,126.6699363,2018-07-03
"봄그리고가을리조트",주차장,제주특별자치도,연중무휴,00:00,23:59,N,Y,,,,N,제주특별자치도 서귀포시 성산읍 해맞이해안로 2660,,환경부(한국자동차환경협회),,33.474087,126.9110984,2018-07-03
"클럽다인리조트",주차장,제주특별자치도,연중무휴,00:00,23:59,N,Y,,,,N,제주특별자치도 제주시 애월읍 애월해안로 400-9,,환경부(한국자동차환경협회),,33.4710066,126.3514646,2018-07-03
"롯데마트 제주점",주차장,제주특별자치도,연중무휴,00:00,23:59,N,Y,,,,N,제주특별자치도 제주시 연북로 1,,환경부(한국자동차환경협회),,33.4824201,126.4819325,2018-07-03
"제주공항",주차장,제주특별자치도,연중무휴,00:00,23:59,N,Y,,,,N,제주특별자치도 제주시 용담2동 2002,,환경부(한국자동차환경협회),,33.5063344,126.4952613,2018-07-03
"남원읍동부보건소",본관주차장,제주특별자치도,연중무휴,00:00,23:59,N,Y,,,,N,제주특별자치도 서귀포시 남원읍 태위로 527,제주특별자치도 서귀포시 남원읍 남원리 2359-1,환경부(한국자동차환경협회),,33.2757617,126.7034172,2018-07-03
"서귀포시민회관",본관주차장,제주특별자치도,연중무휴,00:00,23:59,N,Y,,,,N,제주특별자치도 서귀포시 동홍로 31-7,제주특별자치도 서귀포시 동홍동 453-1,환경부(한국자동차환경협회),,33.2514453,126.5669285,2018-07-03
"돈내코야영장",본관주차장,제주특별자치도,연중무휴,00:00,23:59,N,Y,,,,N,제주특별자치도 서귀포시 돈내코로 114,제주특별자치도 서귀포시 상효동 1459,환경부(한국자동차환경협회),,33.3003161,126.5847998,2018-07-03
"제주국제컨벤션센터2",면세점 앞 대형주차장,제주특별자치도,연중무휴,00:00,23:59,N,Y,,,,N,제주특별자치도 서귀포시 중문관광로 224,제주특별자치도 서귀포시 중문동 2700,환경부(한국자동차환경협회),,33.2413649,126.4245153,2018-07-03
"구좌체육관",본관주차장,제주특별자치도,연중무휴,00:00,23:59,N,Y,,,,N,제주특별자치도 제주시 구좌읍 김녕로 209,제주특별자치도 제주시 구좌읍 김녕리 497-1,환경부(한국자동차환경협회),,33.5561992,126.7616506,2018-07-03
"제주해녀박물관",본관주차장,제주특별자치도,연중무휴,00:00,23:59,N,Y,,,,N,제주특별자치도 제주시 구좌읍 해녀박물관길 26,제주특별자치도 제주시 구좌읍 상도리 3204-1,환경부(한국자동차환경협회),,33.5230497,126.8628483,2018-07-03
"제주노루생태공원",본관주차장,제주특별자치도,연중무휴,00:00,23:59,N,Y,,,,N,제주특별자치도 제주시 명림로 520,제주특별자치도 제주시 봉개동 산 51-2,환경부(한국자동차환경협회),,33.4444421,126.6266442,2018-07-03
"별빛누리공원",본관주차장,제주특별자치도,연중무휴,00:00,23:59,N,Y,,,,N,제주특별자치도 제주시 선돌목동길 60,제주특별자치도 제주시 오등동 산 34,환경부(한국자동차환경협회),,33.4450231,126.5492487,2018-07-03
"조천체육관",본관주차장,제주특별자치도,연중무휴,00:00,23:59,N,Y,,,,N,제주특별자치도 제주시 조천읍 조천18길 11-1,제주특별자치도 제주시 조천읍 조천리 1176-1,환경부(한국자동차환경협회),,33.5397165,126.6439447,2018-07-03
"한림읍사무소",본관주차장,제주특별자치도,연중무휴,00:00,23:59,N,Y,,,,N,제주특별자치도 제주시 한림읍 한림상로 132,제주특별자치도 제주시 한림읍 한림리 919,환경부(한국자동차환경협회),,33.410104,126.2670984,2018-07-03
"제주시 LGBESTSHOP(제주삼도점)",주차장,제주특별자치도,연중무휴,00:00,23:59,Y,N,,,,N,제주특별자치도 제주시 서사로 29,,포스코ICT,,33.5098943,126.5201544,2018-07-03
"서귀포시 이마트(서귀포점)",본관2층,제주특별자치도,연중무휴,00:00,23:59,Y,N,,,,N,제주특별자치도 서귀포시 일주동로 9209,,포스코ICT,,33.2484335,126.5092187,2018-07-03
"제주시 이마트(신제주점)",직원주차장 1층,제주특별자치도,연중무휴,00:00,23:59,Y,N,,,,N,제주특별자치도 제주시 1100로 3348,,포스코ICT,,33.4849511,126.4804897,2018-07-03
"제주시 이마트(제주점)",옥외1층 9구역,제주특별자치도,연중무휴,00:00,23:59,Y,N,,,,N,제주특별자치도 제주시 탑동로 38,,포스코ICT,,33.5179985,126.5212165,2018-07-03
"제주시 LGBESTSHOP(제주본점)",주차장,제주특별자치도,연중무휴,00:00,23:59,Y,N,,,,N,제주특별자치도 제주시 도령로 36,,포스코ICT,,33.4877001,126.4829981,2018-07-03
"서귀포시 블루핸즈(성산점)",주차장,제주특별자치도,연중무휴,00:00,23:59,Y,N,,,,N,제주특별자치도 서귀포시 성산읍 서성일로 1194,,포스코ICT,,33.4268965,126.8647243,2018-07-03
"서귀포시 블루핸즈(대정점)",주차장,제주특별자치도,연중무휴,00:00,23:59,Y,N,,,,N,제주특별자치도 서귀포시 대정읍 일주서로 2199,,포스코ICT,,33.2493708,126.2830628,2018-07-03
"서귀포시 블루핸즈(천지자동차)",주차장,제주특별자치도,연중무휴,00:00,23:59,Y,N,,,,N,제주특별자치도 서귀포시 토평공단로139번길 6,,포스코ICT,,33.2936039,126.581419,2018-07-03
"제주시 자연인",주차장,제주특별자치도,연중무휴,00:00,23:59,Y,N,,,,N,제주특별자치도 제주시 아란서길 110,,포스코ICT,,33.4705468,126.5393398,2018-07-03
"제주시 카카오 본사",외부주차장,제주특별자치도,연중무휴,00:00,23:59,Y,N,,,,N,제주특별자치도 제주시 첨단로 242,,포스코ICT,,33.4500257,126.5733138,2018-07-03
