시군구,번지,지목,용도지역,도로조건,계약년월,계약일,계약면적(㎡),거래금액(만원),지분구분,a,실거래가
울산광역시 울주군,산3**,임야,제1종일반주거지역,12m미만,201809,5,64.14,1977,지분,17,126804.78
울산광역시 울주군,9**,전,제2종일반주거지역,-,201809,5,242.0,12500, ,17,3025000.0
울산광역시 울주군,4**,전,제1종일반주거지역,-,201809,5,52.0,3745, ,17,194740.0
울산광역시 울주군,1***,대,제2종일반주거지역,25m미만,201809,5,396.8,60000, ,17,23808000.0
울산광역시 울주군,산6*,임야,제1종일반주거지역,-,201809,6,30.0,1323,지분,17,39690.0
울산광역시 울주군,산2*,임야,제1종일반주거지역,-,201809,6,33.0,1470,지분,17,48510.0
울산광역시 울주군,산2*,임야,제1종일반주거지역,-,201809,6,49.0,2205,지분,17,108045.0
울산광역시 울주군,산2*,임야,제1종일반주거지역,-,201809,6,66.0,2940,지분,17,194040.0
울산광역시 울주군,산2*,임야,제1종일반주거지역,-,201809,6,66.0,2940,지분,17,194040.0
울산광역시 울주군,산2*,임야,제1종일반주거지역,-,201809,6,66.0,2940,지분,17,194040.0
울산광역시 울주군,산7*,임야,제1종일반주거지역,-,201809,6,115.5,3635,지분,17,419842.5
울산광역시 울주군,2**,전,제1종일반주거지역,-,201809,6,82.0,3749,지분,17,307418.0
울산광역시 중구 ,2**,대,제1종전용주거지역,12m미만,201809,6,245.2,33345, ,12,8176194.0
울산광역시 중구 ,2**,전,제2종일반주거지역,25m미만,201809,6,47.75,9500,지분,12,453625.0
울산광역시 울주군,6*,답,제1종일반주거지역,-,201809,7,694.0,16000,지분,17,11104000.0
울산광역시 북구 ,1***,묘지,제1종일반주거지역,-,201809,7,244.0,2900, ,12,707600.0
울산광역시 울주군,4**,전,제1종일반주거지역,8m미만,201809,7,571.0,43000, ,17,24553000.0
울산광역시 울주군,2**,전,제1종일반주거지역,-,201809,7,268.0,9000,지분,17,2412000.0
울산광역시 중구 ,1**,대,제1종전용주거지역,12m미만,201809,9,301.1,36000, ,12,10839600.0
울산광역시 동구 ,9**,도로,제2종일반주거지역,8m미만,201809,9,25.05,550,지분,12,13777.5
울산광역시 울주군,7**,묘지,제2종일반주거지역,-,201809,10,60.0,2300, ,17,138000.0
울산광역시 북구 ,6**,대,제2종일반주거지역,8m미만,201809,10,24.0,2760, ,12,66240.0
울산광역시 울주군,2**,대,제1종일반주거지역,8m미만,201809,10,116.0,3000, ,17,348000.0
울산광역시 북구 ,6**,대,제2종일반주거지역,8m미만,201809,10,30.0,3440, ,12,103200.0
울산광역시 중구 ,1**,대,제1종전용주거지역,12m미만,201809,10,282.1,33000, ,12,9309300.0
울산광역시 울주군,1***,임야,제1종일반주거지역,-,201809,10,132.0,5100,지분,16,673200.0
울산광역시 북구 ,9*,답,제1종일반주거지역,25m미만,201809,11,297.0,18000, ,12,5346000.0
울산광역시 울주군,산7*,임야,제1종일반주거지역,-,201809,11,115.5,3635,지분,17,419842.5
울산광역시 북구 ,4**,대,제2종일반주거지역,-,201809,11,73.0,5700, ,12,416100.0
울산광역시 울주군,2**,전,제1종일반주거지역,-,201809,12,165.0,2817, ,17,464805.0
울산광역시 울주군,2**,전,제1종일반주거지역,-,201809,12,165.0,2817, ,17,464805.0
울산광역시 울주군,2**,전,제1종일반주거지역,-,201809,12,165.0,2817, ,17,464805.0
울산광역시 울주군,2**,전,제1종일반주거지역,-,201809,12,165.0,2817, ,17,464805.0
울산광역시 울주군,2**,전,제1종일반주거지역,-,201809,12,215.0,3672, ,17,789480.0
울산광역시 북구 ,5**,도로,제2종일반주거지역,-,201809,12,10.0,300,지분,12,3000.0
울산광역시 울주군,2**,전,제1종일반주거지역,-,201809,12,275.0,4695, ,17,1291125.0
울산광역시 울주군,4**,도로,제1종일반주거지역,8m미만,201809,13,42.0,1100, ,17,46200.0
울산광역시 울주군,3**,답,제1종일반주거지역,-,201809,13,331.0,16500, ,17,5461500.0
울산광역시 울주군,산2*,임야,제1종일반주거지역,-,201809,13,331.0,4600,지분,17,1522600.0
울산광역시 울주군,4**,답,제1종일반주거지역,8m미만,201809,13,1650.0,41396, ,17,68303400.0
울산광역시 동구 ,2**,전,제2종일반주거지역,12m미만,201809,13,393.8,51170, ,12,20150746.0
울산광역시 울주군,9**,답,제1종일반주거지역,-,201809,13,17.0,965,지분,17,16405.0
울산광역시 북구 ,4**,도로,제2종일반주거지역,8m미만,201809,14,74.0,1200, ,12,88800.0
울산광역시 울주군,5**,답,제1종일반주거지역,-,201809,14,50.0,1426,지분,17,71300.0
울산광역시 울주군,6**,대,제2종일반주거지역,25m미만,201809,14,221.23,10056,지분,17,2224688.88
울산광역시 울주군,3**,대,제2종일반주거지역,25m미만,201809,14,489.9,112400, ,17,55064760.0
울산광역시 동구 ,8**,대,제2종일반주거지역,12m미만,201809,14,205.8,19000, ,12,3910200.0
울산광역시 울주군,5**,답,제1종일반주거지역,-,201809,14,99.0,2800,지분,17,277200.0
울산광역시 울주군,산2*,임야,제1종일반주거지역,-,201809,14,66.0,2940,지분,17,194040.0
울산광역시 울주군,산1*,임야,제1종일반주거지역,-,201809,14,66.0,2940,지분,17,194040.0
울산광역시 울주군,5**,답,제1종일반주거지역,-,201809,14,104.0,3445, ,17,358280.0
울산광역시 울주군,5**,답,제1종일반주거지역,-,201809,14,281.0,3780, ,17,1062180.0
울산광역시 울주군,5**,답,제1종일반주거지역,8m미만,201809,14,281.0,3780, ,17,1062180.0
울산광역시 울주군,5**,답,제1종일반주거지역,-,201809,14,132.0,3842,지분,17,507144.0
울산광역시 울주군,산1*,임야,제1종일반주거지역,-,201809,14,102.0,4410,지분,17,449820.0
울산광역시 울주군,산2*,임야,제1종일반주거지역,-,201809,14,191.0,8526,지분,17,1628466.0
울산광역시 남구 ,8**,도로,제2종일반주거지역,8m미만,201809,14,63.0,9500, ,12,598500.0
울산광역시 울주군,5**,답,제1종일반주거지역,-,201809,14,298.0,9871, ,17,2941558.0
울산광역시 울주군,6**,대,제2종일반주거지역,12m미만,201809,14,218.77,9944,지분,17,2175448.88
울산광역시 울주군,산3**,임야,제1종일반주거지역,12m미만,201809,15,149.33,2700,지분,17,403191.00000000006
울산광역시 남구 ,1***,대,제2종일반주거지역,25m미만,201809,16,193.7,52000, ,11,10072400.0
울산광역시 울주군,1***,답,제2종일반주거지역,-,201809,17,696.5,42000,지분,17,29253000.0
울산광역시 울주군,산2*,임야,제1종일반주거지역,-,201809,17,116.0,5145,지분,17,596820.0
울산광역시 울주군,5**,전,제2종일반주거지역,-,201809,18,123.0,12000, ,17,1476000.0
울산광역시 울주군,5**,전,제2종일반주거지역,-,201809,18,121.0,12000, ,17,1452000.0
울산광역시 울주군,1***,하천,제1종일반주거지역,-,201809,18,66.0,3040,지분,17,200640.0
울산광역시 울주군,1**,답,제2종일반주거지역,-,201809,18,573.0,33500, ,17,19195500.0
울산광역시 울주군,산7*,임야,제1종일반주거지역,-,201809,18,148.2,4274,지분,17,633406.7999999999
울산광역시 울주군,산3*,임야,제1종일반주거지역,-,201809,18,331.0,5000,지분,17,1655000.0
울산광역시 북구 ,1*,대,제2종일반주거지역,8m미만,201809,18,111.0,9200, ,12,1021200.0
울산광역시 울주군,산7*,임야,제1종일반주거지역,-,201809,19,66.0,1200,지분,17,79200.0
울산광역시 울주군,4**,전,제2종일반주거지역,-,201809,19,301.0,16278, ,16,4899678.0
울산광역시 울주군,4**,전,제2종일반주거지역,-,201809,19,334.0,18374, ,16,6136916.0
울산광역시 울주군,4**,도로,제2종일반주거지역,8m미만,201809,19,126.0,2266, ,16,285516.0
울산광역시 울주군,3**,전,제1종일반주거지역,-,201809,19,66.0,2470,지분,17,163020.0
울산광역시 북구 ,2**,대,제1종일반주거지역,8m미만,201809,19,376.0,23000, ,12,8648000.0
울산광역시 울주군,4**,묘지,제2종일반주거지역,8m미만,201809,19,717.0,30082, ,16,21568794.0
울산광역시 울주군,2*,답,제2종일반주거지역,-,201809,19,1507.0,37500, ,17,56512500.0
울산광역시 울주군,4**,전,제2종일반주거지역,-,201809,19,906.0,42000, ,16,38052000.0
울산광역시 울주군,3**,묘지,제2종일반주거지역,8m미만,201809,19,161.44,7320,지분,16,1181740.8
울산광역시 울주군,2*,답,제2종일반주거지역,-,201809,19,307.0,7500, ,17,2302500.0
울산광역시 울주군,2**,대,제1종일반주거지역,8m미만,201809,20,231.0,20000, ,17,4620000.0
울산광역시 울주군,7**,답,제1종일반주거지역,12m미만,201809,20,118.0,3060, ,17,361080.0
울산광역시 북구 ,1***,도로,제1종일반주거지역,8m미만,201809,20,38.0,500,지분,12,19000.0
울산광역시 울주군,3**,전,제1종일반주거지역,12m미만,201809,21,18.0,1800, ,17,32400.0
울산광역시 울주군,3**,전,제1종일반주거지역,12m미만,201809,21,115.0,11500, ,17,1322500.0
울산광역시 울주군,3**,전,제1종일반주거지역,12m미만,201809,21,156.0,13990, ,17,2182440.0
울산광역시 울주군,3**,전,제1종일반주거지역,12m미만,201809,21,248.0,24900, ,17,6175200.0
울산광역시 울주군,9**,대,제2종일반주거지역,8m미만,201809,21,188.0,25000, ,17,4700000.0
울산광역시 울주군,3**,전,제1종일반주거지역,-,201809,21,285.0,28500, ,17,8122500.0
울산광역시 울주군,5*,대,제2종일반주거지역,25m미만,201809,21,217.6,30000, ,17,6528000.0
울산광역시 울주군,3**,전,제1종일반주거지역,-,201809,21,364.0,30310, ,17,11032840.0
울산광역시 울주군,3**,전,제1종일반주거지역,12m미만,201809,21,7.0,700, ,17,4900.0
울산광역시 울주군,3**,답,제1종일반주거지역,-,201809,21,166.0,8250, ,17,1369500.0
울산광역시 울주군,3**,전,제1종일반주거지역,-,201809,21,87.0,8700, ,17,756900.0
울산광역시 울주군,1***,대,제2종일반주거지역,-,201809,21,245.7,80000, ,16,19656000.0
울산광역시 울주군,4**,답,제1종일반주거지역,8m미만,201809,21,335.0,9090, ,17,3045150.0
울산광역시 울주군,8*,전,제2종일반주거지역,12m미만,201809,22,206.0,21500, ,17,4429000.0
울산광역시 울주군,8**,대,제2종일반주거지역,12m미만,201809,26,578.5,100000, ,17,57850000.0
울산광역시 중구 ,4**,대,제1종일반주거지역,12m미만,201809,26,143.4,11000,지분,12,1577400.0
울산광역시 울주군,6**,전,제1종일반주거지역,8m미만,201809,27,125.0,1900, ,17,237500.0
울산광역시 울주군,4**,전,제1종일반주거지역,-,201809,27,165.0,2994, ,17,494010.0
울산광역시 울주군,4**,전,제1종일반주거지역,-,201809,27,165.0,2994, ,17,494010.0
울산광역시 울주군,4**,전,제1종일반주거지역,-,201809,27,165.0,2994, ,17,494010.0
울산광역시 울주군,4**,전,제1종일반주거지역,-,201809,27,165.0,2994, ,17,494010.0
울산광역시 울주군,4**,답,제1종일반주거지역,-,201809,27,165.0,2994, ,17,494010.0
울산광역시 울주군,4**,전,제1종일반주거지역,-,201809,27,165.0,2994, ,17,494010.0
울산광역시 울주군,4**,전,제1종일반주거지역,-,201809,27,165.0,2994, ,17,494010.0
울산광역시 울주군,4**,답,제1종일반주거지역,8m미만,201809,27,165.0,2994, ,17,494010.0
울산광역시 동구 ,산*,임야,제3종일반주거지역,-,201809,27,50.0,20000,지분,12,1000000.0
울산광역시 울주군,4**,전,제1종일반주거지역,8m미만,201809,27,166.0,3012, ,17,499992.0
울산광역시 울주군,4**,답,제1종일반주거지역,-,201809,27,189.0,3430, ,17,648270.0
울산광역시 울주군,4**,전,제1종일반주거지역,-,201809,27,223.0,4046, ,17,902258.0
울산광역시 울주군,3**,전,제1종일반주거지역,-,201809,28,33.0,1283,지분,17,42339.0
울산광역시 울주군,7**,대,제2종일반주거지역,25m이상,201809,28,76.0,11500,지분,17,874000.0
울산광역시 울주군,2**,전,제1종일반주거지역,-,201809,28,66.0,3060,지분,17,201960.0
울산광역시 울주군,*,대,제2종일반주거지역,12m미만,201809,28,618.9,42000, ,17,25993800.0
울산광역시 울주군,산1*,임야,제1종일반주거지역,-,201810,1,23.0,1029,지분,17,23667.0
울산광역시 울주군,산2*,임야,제1종일반주거지역,-,201810,1,56.0,2499,지분,17,139944.0
울산광역시 남구 ,8**,구거,제3종일반주거지역,25m미만,201810,1,928.0,280256, ,12,260077568.0
울산광역시 울주군,산1*,임야,제1종일반주거지역,-,201810,1,79.0,3528,지분,17,278712.0
울산광역시 울주군,6*,전,제2종일반주거지역,-,201810,1,1011.0,54400, ,17,54998400.0
울산광역시 울주군,6**,대,제1종일반주거지역,8m미만,201810,1,493.0,6000, ,17,2958000.0
울산광역시 북구 ,1**,전,제1종일반주거지역,8m미만,201810,2,185.0,12000, ,12,2220000.0
울산광역시 울주군,1***,대,제1종일반주거지역,12m미만,201810,2,330.0,53000, ,16,17490000.0
울산광역시 울주군,2**,전,제1종일반주거지역,-,201810,2,165.0,7497, ,17,1237005.0
울산광역시 울주군,1***,대,제2종일반주거지역,-,201810,2,245.5,86500, ,16,21235750.0
울산광역시 울주군,산7*,임야,제1종일반주거지역,12m미만,201810,2,330.0,9604,지분,17,3169320.0
울산광역시 울주군,1**,대,제2종일반주거지역,8m미만,201810,4,479.0,38000, ,17,18202000.0
울산광역시 남구 ,1***,대,제2종일반주거지역,12m미만,201810,5,126.2,19000,지분,12,2397800.0
울산광역시 울주군,9**,답,제1종일반주거지역,-,201810,5,3.0,193,지분,17,579.0
울산광역시 동구 ,산*,임야,제3종일반주거지역,-,201810,5,5.0,2000,지분,12,10000.0
울산광역시 울주군,4**,전,제1종일반주거지역,-,201810,5,165.0,4542, ,17,749430.0
울산광역시 울주군,4**,전,제1종일반주거지역,-,201810,5,165.0,4542, ,17,749430.0
울산광역시 울주군,4**,전,제1종일반주거지역,8m미만,201810,5,165.0,4542, ,17,749430.0
울산광역시 울주군,4**,전,제1종일반주거지역,-,201810,5,165.0,4542, ,17,749430.0
울산광역시 울주군,4**,전,제1종일반주거지역,-,201810,5,165.0,4542, ,17,749430.0
울산광역시 울주군,4**,전,제1종일반주거지역,-,201810,5,165.0,4542, ,17,749430.0
울산광역시 동구 ,1**,대,제2종일반주거지역,8m미만,201810,5,5.29,470,지분,12,2486.3
울산광역시 울주군,9**,답,제1종일반주거지역,-,201810,5,10.0,579,지분,17,5790.0
울산광역시 울주군,4**,전,제1종일반주거지역,-,201810,5,243.0,6689, ,17,1625427.0
울산광역시 남구 ,6**,대,제2종일반주거지역,12m미만,201810,8,171.5,56300, ,11,9655450.0
울산광역시 울주군,7**,전,제2종일반주거지역,12m미만,201810,10,91.0,11000, ,17,1001000.0
울산광역시 북구 ,1***,대,제2종일반주거지역,25m미만,201810,10,556.0,134400, ,12,74726400.0
울산광역시 울주군,8**,답,제2종일반주거지역,12m미만,201810,10,89.0,16850, ,17,1499650.0
울산광역시 중구 ,3*,도로,제2종일반주거지역,12m미만,201810,10,37.6,2000, ,12,75200.0
울산광역시 울주군,8**,답,제2종일반주거지역,12m미만,201810,10,14.0,2650, ,17,37100.0
울산광역시 울주군,3**,도로,제1종일반주거지역,8m미만,201810,10,3.0,37, ,17,111.0
울산광역시 울주군,2**,전,제1종일반주거지역,-,201810,11,33.0,1499,지분,17,49467.0
울산광역시 울주군,2**,전,제1종일반주거지역,-,201810,11,33.0,1499,지분,17,49467.0
울산광역시 울주군,2**,전,제1종일반주거지역,-,201810,11,33.0,1499,지분,17,49467.0
울산광역시 울주군,4**,전,제2종일반주거지역,8m미만,201810,11,281.0,15948, ,16,4481388.0
울산광역시 울주군,산2*,임야,제1종일반주거지역,-,201810,11,46.0,2058,지분,17,94668.0
울산광역시 울주군,산2*,임야,제1종일반주거지역,-,201810,11,79.0,3528,지분,17,278712.0
울산광역시 울주군,산2*,임야,제1종일반주거지역,-,201810,11,99.0,4410,지분,17,436590.0
울산광역시 울주군,4**,묘지,제2종일반주거지역,8m미만,201810,11,7792.0,442222, ,16,3445793824.0
울산광역시 울주군,산2*,임야,제1종일반주거지역,-,201810,11,13.0,588,지분,17,7644.0
울산광역시 울주군,4**,전,제2종일반주거지역,8m미만,201810,11,119.0,6753, ,16,803607.0
울산광역시 울주군,4**,전,제2종일반주거지역,-,201810,11,1567.0,88933, ,16,139358011.0
울산광역시 울주군,8**,전,제1종일반주거지역,8m미만,201810,12,938.0,12100, ,17,11349800.0
울산광역시 울주군,6**,과수원,제1종일반주거지역,8m미만,201810,13,154.0,3500, ,17,539000.0
울산광역시 중구 ,1**,대,제1종전용주거지역,12m미만,201810,13,272.0,42780, ,12,11636160.0
울산광역시 울주군,5**,답,제1종일반주거지역,-,201810,15,20.0,1399,지분,17,27980.0
울산광역시 울주군,4**,대,제2종일반주거지역,12m미만,201810,15,249.9,10500, ,17,2623950.0
울산광역시 울주군,8**,전,제1종일반주거지역,-,201810,15,304.0,2659, ,17,808336.0
울산광역시 울주군,8**,전,제1종일반주거지역,8m미만,201810,15,301.0,2958, ,17,890358.0
울산광역시 울주군,8**,대,제1종일반주거지역,8m미만,201810,15,393.0,4337, ,17,1704441.0
울산광역시 울주군,8**,전,제1종일반주거지역,8m미만,201810,15,86.0,5200, ,16,447200.0
울산광역시 울주군,8**,대,제1종일반주거지역,8m미만,201810,15,711.0,5837, ,17,4150107.0
울산광역시 남구 ,1***,도로,제3종일반주거지역,25m미만,201810,15,3.94,600, ,12,2364.0
울산광역시 울주군,2**,대,제2종일반주거지역,12m미만,201810,15,72.3,7000,지분,17,506100.0
울산광역시 울주군,산3**,임야,제1종일반주거지역,12m미만,201810,15,496.15,9000,지분,17,4465350.0
울산광역시 울주군,4**,답,제2종일반주거지역,-,201810,16,781.5,16100,지분,17,12582150.0
울산광역시 울주군,산2*,임야,제1종일반주거지역,-,201810,16,330.0,5000,지분,17,1650000.0
울산광역시 울주군,4**,답,제1종일반주거지역,-,201810,16,508.88,8600,지분,17,4376368.0
울산광역시 남구 ,2**,도로,제2종일반주거지역,12m미만,201810,17,41.0,2000, ,12,82000.0
울산광역시 울주군,2**,대,제1종일반주거지역,-,201810,18,10.0,1000, ,17,10000.0
울산광역시 울주군,2**,전,제1종일반주거지역,-,201810,18,165.0,8330, ,17,1374450.0
울산광역시 북구 ,4**,전,제2종일반주거지역,-,201810,19,17.34,2886,지분,12,50043.24
울산광역시 북구 ,4**,전,제2종일반주거지역,-,201810,19,1.7,283,지분,12,481.09999999999997
울산광역시 북구 ,4**,전,제2종일반주거지역,25m미만,201810,19,189.43,31516,지분,12,5970075.88
울산광역시 북구 ,4**,전,제2종일반주거지역,-,201810,19,2.04,339,지분,12,691.5600000000001
울산광역시 울주군,산1*,임야,제1종일반주거지역,-,201810,19,116.0,5145,지분,17,596820.0
울산광역시 울주군,산2*,임야,제1종일반주거지역,-,201810,19,118.0,5219,지분,17,615842.0
울산광역시 북구 ,4**,전,제2종일반주거지역,8m미만,201810,19,334.82,55706,지분,12,18651482.919999998
울산광역시 울주군,5**,전,제2종일반주거지역,12m미만,201810,19,113.0,6000, ,17,678000.0
울산광역시 중구 ,1***,전,제1종일반주거지역,-,201810,19,103.0,7750, ,12,798250.0
울산광역시 북구 ,4**,전,제2종일반주거지역,-,201810,19,48.97,8148,지분,12,399007.56
울산광역시 울주군,8**,대,제2종일반주거지역,-,201810,21,132.0,27000, ,17,3564000.0
울산광역시 중구 ,3**,대,제1종전용주거지역,12m미만,201810,21,289.6,37000, ,12,10715200.0
울산광역시 울주군,5**,임야,제2종일반주거지역,12m미만,201810,22,36.0,1200, ,17,43200.0
울산광역시 울주군,5**,임야,제2종일반주거지역,12m미만,201810,22,482.0,16131, ,17,7775142.0
울산광역시 울주군,2**,대,제1종일반주거지역,12m미만,201810,22,225.0,28405, ,17,6391125.0
울산광역시 울주군,1***,임야,제1종일반주거지역,-,201810,22,99.0,3900,지분,16,386100.0
울산광역시 울주군,2**,대,제1종일반주거지역,12m미만,201810,22,37.0,4595, ,17,170015.0
울산광역시 울주군,5**,임야,제2종일반주거지역,12m미만,201810,22,20.0,669, ,17,13380.0
울산광역시 중구 ,1**,전,제3종일반주거지역,8m미만,201810,23,118.0,10000, ,12,1180000.0
울산광역시 울주군,3**,대,제2종일반주거지역,25m미만,201810,23,100.6,15000, ,17,1509000.0
울산광역시 울주군,6**,전,제1종일반주거지역,8m미만,201810,23,1263.0,20900, ,17,26396700.0
울산광역시 울주군,7*,전,제2종일반주거지역,12m미만,201810,23,41.0,3000, ,17,123000.0
울산광역시 북구 ,1*,전,제2종일반주거지역,12m미만,201810,23,459.8,73600, ,12,33841280.0
울산광역시 울주군,산7*,임야,제1종일반주거지역,-,201810,23,330.5,9604,지분,17,3174122.0
울산광역시 중구 ,1**,대,제2종일반주거지역,8m미만,201810,24,72.0,11760, ,12,846720.0
울산광역시 중구 ,3**,전,제2종일반주거지역,8m미만,201810,24,194.0,17000, ,11,3298000.0
울산광역시 울주군,산3**,임야,제1종일반주거지역,12m미만,201810,24,166.04,3250,지분,17,539630.0
울산광역시 북구 ,6**,대,제1종일반주거지역,8m미만,201810,24,27.0,3750,지분,12,101250.0
울산광역시 울주군,2**,전,제1종일반주거지역,-,201810,24,165.0,8330, ,17,1374450.0
울산광역시 울주군,2**,전,제1종일반주거지역,-,201810,24,165.0,8330, ,17,1374450.0
울산광역시 울주군,5**,대,제2종일반주거지역,12m미만,201810,25,7.0,1325, ,17,9275.0
울산광역시 울주군,산2*,임야,제1종일반주거지역,-,201810,25,33.0,1470,지분,17,48510.0
울산광역시 울주군,산1*,임야,제1종일반주거지역,-,201810,25,49.0,2161,지분,17,105889.0
울산광역시 울주군,산2*,임야,제1종일반주거지역,-,201810,25,50.0,2205,지분,17,110250.0
울산광역시 울주군,산1*,임야,제1종일반주거지역,-,201810,25,56.0,2499,지분,17,139944.0
울산광역시 울주군,4**,답,제1종일반주거지역,8m미만,201810,25,2932.0,72000, ,17,211104000.0
울산광역시 울주군,5**,답,제1종일반주거지역,-,201810,26,132.0,10720,지분,17,1415040.0
울산광역시 남구 ,2**,대,제2종일반주거지역,12m미만,201810,26,5.0,100, ,12,500.0
울산광역시 중구 ,1**,전,제1종일반주거지역,8m미만,201810,26,1.75,300,지분,11,525.0
울산광역시 남구 ,2**,대,제2종일반주거지역,12m미만,201810,26,22.0,480, ,12,10560.0
울산광역시 남구 ,2**,대,제2종일반주거지역,12m미만,201810,26,24.0,520, ,12,12480.0
울산광역시 울주군,3**,답,제1종일반주거지역,-,201810,26,330.0,6379, ,17,2105070.0
울산광역시 울주군,3**,답,제1종일반주거지역,-,201810,26,331.0,6398, ,17,2117738.0
울산광역시 울주군,3**,답,제1종일반주거지역,-,201810,26,331.0,6398, ,17,2117738.0
울산광역시 울주군,3**,답,제1종일반주거지역,-,201810,26,331.0,6398, ,17,2117738.0
울산광역시 울주군,3**,답,제1종일반주거지역,-,201810,26,331.0,6398, ,17,2117738.0
울산광역시 울주군,3**,답,제1종일반주거지역,-,201810,26,442.0,8545, ,17,3776890.0
울산광역시 울주군,산7*,임야,제1종일반주거지역,-,201810,26,661.0,9000,지분,17,5949000.0
울산광역시 울주군,3**,답,제1종일반주거지역,-,201810,26,496.0,9587, ,17,4755152.0
울산광역시 울주군,3**,답,제1종일반주거지역,-,201810,26,512.0,9897, ,17,5067264.0
울산광역시 울주군,5**,답,제1종일반주거지역,-,201810,26,13.0,915,지분,17,11895.0
울산광역시 울주군,산7*,임야,제1종일반주거지역,-,201810,27,330.0,5200,지분,17,1716000.0
울산광역시 중구 ,3**,대,제2종일반주거지역,8m미만,201810,28,83.0,9000, ,12,747000.0
울산광역시 울주군,1***,전,제1종일반주거지역,8m미만,201810,29,245.0,13500, ,17,3307500.0
울산광역시 북구 ,3**,답,제1종일반주거지역,-,201810,29,106.0,2500, ,12,265000.0
울산광역시 울주군,4**,전,제1종일반주거지역,8m미만,201810,30,182.0,9000, ,17,1638000.0
울산광역시 울주군,산7*,임야,제1종일반주거지역,-,201810,30,330.5,9604,지분,17,3174122.0
울산광역시 북구 ,4**,전,제2종일반주거지역,25m미만,201810,31,86.0,14760,지분,12,1269360.0
울산광역시 북구 ,4**,전,제2종일반주거지역,25m미만,201810,31,35.0,5950,지분,12,208250.0
울산광역시 북구 ,5**,임야,제2종일반주거지역,8m미만,201810,31,841.0,50000, ,12,42050000.0
울산광역시 북구 ,4**,답,제1종일반주거지역,8m미만,201810,31,37.0,6290,지분,12,232730.0
울산광역시 중구 ,9**,임야,제2종일반주거지역,8m미만,201811,1,9.0,1157, ,12,10413.0
울산광역시 울주군,3**,답,제1종일반주거지역,12m미만,201811,1,440.0,10300, ,17,4532000.0
울산광역시 중구 ,7**,전,제2종일반주거지역,25m미만,201811,1,370.0,100900, ,12,37333000.0
울산광역시 중구 ,7**,대,제2종일반주거지역,8m미만,201811,1,101.0,12979, ,12,1310879.0
울산광역시 중구 ,9**,전,제2종일반주거지역,8m미만,201811,1,1.0,129, ,12,129.0
울산광역시 울주군,산1*,임야,제1종일반주거지역,-,201811,1,416.0,17640,지분,17,7338240.0
울산광역시 중구 ,9**,대,제2종일반주거지역,8m미만,201811,1,1363.0,175152, ,12,238732176.0
울산광역시 중구 ,7**,임야,제2종일반주거지역,-,201811,1,116.0,19960, ,12,2315360.0
울산광역시 울주군,산2*,임야,제1종일반주거지역,-,201811,1,46.0,2058,지분,17,94668.0
울산광역시 중구 ,9**,대,제2종일반주거지역,-,201811,1,19.0,2442, ,12,46398.0
울산광역시 중구 ,7**,임야,제2종일반주거지역,-,201811,1,159.0,20432, ,12,3248688.0
울산광역시 중구 ,7**,대,제2종일반주거지역,8m미만,201811,1,160.0,20561, ,12,3289760.0
울산광역시 중구 ,7**,임야,제2종일반주거지역,8m미만,201811,1,960.0,210000, ,12,201600000.0
울산광역시 중구 ,7**,대,제2종일반주거지역,8m미만,201811,1,185.0,23773, ,12,4398005.0
울산광역시 중구 ,7**,임야,제2종일반주거지역,-,201811,1,185.0,23773, ,12,4398005.0
울산광역시 중구 ,9**,대,제2종일반주거지역,-,201811,1,901.0,230800, ,12,207950800.0
울산광역시 중구 ,9**,임야,제2종일반주거지역,8m미만,201811,1,150.75,25000,지분,12,3768750.0
울산광역시 중구 ,9**,임야,제2종일반주거지역,8m미만,201811,1,150.75,27600,지분,12,4160700.0
울산광역시 중구 ,7**,대,제2종일반주거지역,-,201811,1,220.0,28271, ,12,6219620.0
울산광역시 중구 ,9**,전,제2종일반주거지역,8m미만,201811,1,244.0,28785, ,12,7023540.0
울산광역시 중구 ,7**,대,제2종일반주거지역,8m미만,201811,1,246.0,31612, ,12,7776552.0
울산광역시 중구 ,9**,전,제2종일반주거지역,8m미만,201811,1,12.0,4400, ,12,52800.0
울산광역시 중구 ,7**,대,제2종일반주거지역,8m미만,201811,1,28.0,4890, ,12,136920.0
울산광역시 중구 ,7**,대,제2종일반주거지역,8m미만,201811,1,319.0,40993, ,12,13076767.0
울산광역시 중구 ,9**,임야,제2종일반주거지역,8m미만,201811,1,301.5,45500,지분,12,13718250.0
울산광역시 중구 ,7**,임야,제2종일반주거지역,8m미만,201811,1,417.0,53586, ,12,22345362.0
울산광역시 중구 ,9**,대,제2종일반주거지역,8m미만,201811,1,426.0,54743, ,12,23320518.0
울산광역시 중구 ,7**,임야,제2종일반주거지역,-,201811,1,446.0,57313, ,12,25561598.0
울산광역시 중구 ,7**,대,제2종일반주거지역,8m미만,201811,1,3.0,620, ,12,1860.0
울산광역시 중구 ,9**,임야,제2종일반주거지역,8m미만,201811,1,509.0,65409, ,12,33293181.0
울산광역시 중구 ,9**,전,제2종일반주거지역,8m미만,201811,1,57.0,7325, ,12,417525.0
울산광역시 중구 ,9**,임야,제2종일반주거지역,8m미만,201811,1,62.0,7967, ,12,493954.0
울산광역시 중구 ,9**,대,제2종일반주거지역,8m미만,201811,1,583.0,74918, ,12,43677194.0
울산광역시 중구 ,7**,대,제2종일반주거지역,8m미만,201811,1,423.0,75000, ,12,31725000.0
울산광역시 중구 ,9**,도로,제2종일반주거지역,8m미만,201811,1,71.0,8290, ,12,588590.0
울산광역시 중구 ,9**,전,제2종일반주거지역,8m미만,201811,1,487.0,87000, ,12,42369000.0
울산광역시 중구 ,7**,대,제2종일반주거지역,25m미만,201811,1,36.0,9820, ,12,353520.0
울산광역시 중구 ,9**,임야,제2종일반주거지역,8m미만,201811,1,718.0,92266, ,12,66246988.0
울산광역시 중구 ,7**,대,제2종일반주거지역,8m미만,201811,1,734.0,94322, ,12,69232348.0
울산광역시 중구 ,7**,임야,제2종일반주거지역,8m미만,201811,1,756.0,97150, ,12,73445400.0
울산광역시 중구 ,7**,도로,제2종일반주거지역,8m미만,201811,1,15.0,990, ,12,14850.0
울산광역시 남구 ,1***,대,제2종일반주거지역,25m미만,201811,2,344.2,175000, ,11,60235000.0
울산광역시 중구 ,6**,도로,제2종일반주거지역,12m미만,201811,2,9.0,310, ,11,2790.0
울산광역시 중구 ,6**,도로,제2종일반주거지역,8m미만,201811,2,17.0,400, ,11,6800.0
울산광역시 북구 ,1***,묘지,제1종일반주거지역,-,201811,2,244.0,7400, ,12,1805600.0
울산광역시 울주군,1**,답,제2종일반주거지역,-,201811,5,555.0,29280, ,17,16250400.0
울산광역시 울주군,9**,대,제2종일반주거지역,12m미만,201811,5,407.7,30500, ,17,12434850.0
울산광역시 울주군,4**,전,제1종일반주거지역,8m미만,201811,5,466.0,9000, ,17,4194000.0
울산광역시 울주군,4**,전,제1종일반주거지역,-,201811,6,165.0,10290, ,17,1697850.0
울산광역시 울주군,1**,답,제2종일반주거지역,8m미만,201811,6,74.0,2166, ,17,160284.0
울산광역시 울주군,1**,답,제2종일반주거지역,-,201811,6,62.0,2793, ,17,173166.0
울산광역시 울주군,1**,답,제2종일반주거지역,-,201811,6,87.0,3957, ,17,344259.0
울산광역시 울주군,1**,답,제2종일반주거지역,8m미만,201811,6,184.0,5334, ,17,981456.0
울산광역시 울주군,9**,대,제2종일반주거지역,12m미만,201811,6,152.5,8500, ,17,1296250.0
울산광역시 울주군,4**,답,제1종일반주거지역,-,201811,7,33.0,1568,지분,17,51744.0
울산광역시 울주군,4**,답,제1종일반주거지역,8m미만,201811,7,33.0,1568,지분,17,51744.0
울산광역시 울주군,6**,전,제2종일반주거지역,12m미만,201811,7,208.0,14000, ,17,2912000.0
울산광역시 울주군,4**,답,제1종일반주거지역,8m미만,201811,8,33.0,1568,지분,17,51744.0
울산광역시 울주군,9**,대,제2종일반주거지역,25m미만,201811,8,200.2,13000, ,17,2602600.0
울산광역시 남구 ,산1**,임야,제2종일반주거지역,-,201811,8,1226.0,136512, ,12,167363712.0
울산광역시 울주군,1**,대,제2종일반주거지역,8m미만,201811,9,74.0,1700, ,17,125800.0
울산광역시 울주군,4**,전,제2종일반주거지역,-,201811,9,359.0,17500, ,17,6282500.0
울산광역시 울주군,산2*,임야,제1종일반주거지역,-,201811,9,331.0,4500,지분,17,1489500.0
울산광역시 울주군,8**,전,제2종일반주거지역,8m미만,201811,9,145.0,5300, ,17,768500.0
울산광역시 울주군,4**,답,제1종일반주거지역,8m미만,201811,12,33.0,1568,지분,17,51744.0
울산광역시 울주군,산7*,임야,제1종일반주거지역,-,201811,12,657.68,1883,지분,17,1238411.44
울산광역시 울주군,6**,대,제2종일반주거지역,-,201811,12,19.3,301,지분,17,5809.3
울산광역시 울주군,8**,전,제1종일반주거지역,-,201811,12,33.42,375,지분,17,12532.5
울산광역시 울주군,산2*,임야,제1종일반주거지역,-,201811,13,49.0,2205,지분,17,108045.0
울산광역시 울주군,산1*,임야,제1종일반주거지역,-,201811,13,165.0,7350,지분,17,1212750.0
울산광역시 울주군,3*,전,제1종일반주거지역,-,201811,14,192.0,1600, ,17,307200.0
울산광역시 중구 ,1**,임야,제3종일반주거지역,12m미만,201811,14,1.02,10,지분,12,10.2
울산광역시 울주군,5**,전,제2종일반주거지역,12m미만,201811,14,165.0,6000, ,17,990000.0
울산광역시 남구 ,2**,대,제1종일반주거지역,-,201811,14,333.0,65000, ,12,21645000.0
울산광역시 동구 ,5**,도로,제2종일반주거지역,8m미만,201811,14,36.3,950, ,12,34485.0
울산광역시 울주군,1**,전,제1종일반주거지역,-,201811,15,165.0,2096, ,17,345840.0
울산광역시 울주군,1**,전,제1종일반주거지역,-,201811,15,165.0,2096, ,17,345840.0
울산광역시 울주군,1**,전,제1종일반주거지역,8m미만,201811,15,165.0,2096, ,17,345840.0
울산광역시 울주군,1**,전,제1종일반주거지역,-,201811,15,165.0,2096, ,17,345840.0
울산광역시 울주군,1**,전,제1종일반주거지역,-,201811,15,165.0,2096, ,17,345840.0
울산광역시 울주군,1**,전,제1종일반주거지역,-,201811,15,165.0,2096, ,17,345840.0
울산광역시 울주군,1**,전,제1종일반주거지역,-,201811,15,165.0,2096, ,17,345840.0
울산광역시 울주군,1**,전,제1종일반주거지역,-,201811,15,165.0,2096, ,17,345840.0
울산광역시 울주군,1**,전,제1종일반주거지역,-,201811,15,174.0,2212, ,17,384888.0
울산광역시 동구 ,산*,임야,제3종일반주거지역,-,201811,15,7.5,3000,지분,12,22500.0
울산광역시 중구 ,1**,도로,제2종일반주거지역,12m미만,201811,15,20.0,5000, ,12,100000.0
울산광역시 울주군,3**,답,제1종일반주거지역,-,201811,16,165.0,8250, ,17,1361250.0
울산광역시 남구 ,5**,대,제2종일반주거지역,12m미만,201811,16,324.0,85500, ,12,27702000.0
울산광역시 울주군,산7*,임야,제1종일반주거지역,-,201811,19,330.0,10282,지분,17,3393060.0
울산광역시 울주군,3*,답,제2종일반주거지역,-,201811,19,6.0,40,지분,17,240.0
울산광역시 울주군,6**,전,제1종일반주거지역,8m미만,201811,19,268.0,7000, ,17,1876000.0
울산광역시 울주군,6**,전,제1종일반주거지역,8m미만,201811,19,420.0,8000, ,17,3360000.0
울산광역시 중구 ,산2**,임야,제1종일반주거지역,-,201811,20,99.0,1150, ,12,113850.0
울산광역시 울주군,7**,전,제1종일반주거지역,12m미만,201811,20,480.0,29090, ,17,13963200.0
울산광역시 남구 ,5**,대,제2종일반주거지역,-,201811,20,328.5,37800,지분,12,12417300.0
울산광역시 남구 ,5**,대,제2종일반주거지역,-,201811,20,365.0,43043,지분,12,15710695.0
울산광역시 울주군,6**,임야,제2종일반주거지역,8m미만,201811,20,1532.0,60000, ,17,91920000.0
울산광역시 울주군,4**,답,제1종일반주거지역,-,201811,21,33.0,1568,지분,17,51744.0
울산광역시 울주군,4**,답,제1종일반주거지역,8m미만,201811,21,33.0,1568,지분,17,51744.0
울산광역시 북구 ,5**,임야,제2종일반주거지역,8m미만,201811,21,180.0,11506, ,12,2071080.0
울산광역시 북구 ,5**,임야,제2종일반주거지역,8m미만,201811,21,3.0,194, ,12,582.0
울산광역시 울주군,4**,전,제1종일반주거지역,-,201811,21,33.0,2058,지분,17,67914.0
울산광역시 울주군,4**,전,제1종일반주거지역,-,201811,21,83.0,3920,지분,17,325360.0
울산광역시 북구 ,5**,임야,제3종일반주거지역,25m이상,201811,21,3.0,300, ,12,900.0
울산광역시 울주군,산3**,임야,제1종일반주거지역,12m미만,201811,21,298.58,4695,지분,17,1401833.0999999999
울산광역시 울주군,4**,답,제1종일반주거지역,-,201811,21,165.0,7840, ,17,1293600.0
울산광역시 울주군,4**,전,제1종일반주거지역,-,201811,21,165.0,7840, ,17,1293600.0
울산광역시 울주군,2**,답,제1종일반주거지역,8m미만,201811,22,1131.0,29911, ,17,33829341.0
울산광역시 울주군,2**,답,제1종일반주거지역,8m미만,201811,22,1289.0,34089, ,17,43940721.0
울산광역시 북구 ,2**,대,제2종일반주거지역,12m미만,201811,22,270.0,53980, ,12,14574600.0
울산광역시 북구 ,2**,대,제2종일반주거지역,12m미만,201811,22,270.2,54020, ,12,14596204.0
울산광역시 울주군,4**,전,제1종일반주거지역,-,201811,23,33.0,1499,지분,17,49467.0
울산광역시 울주군,산3**,임야,제1종일반주거지역,12m미만,201811,23,231.0,10290,지분,17,2376990.0
울산광역시 울주군,산2*,임야,제2종일반주거지역,25m미만,201811,23,213.0,30080, ,17,6407040.0
울산광역시 울주군,산7*,임야,제1종일반주거지역,-,201811,23,132.0,4190,지분,17,553080.0
울산광역시 울주군,2**,전,제1종일반주거지역,-,201811,23,17.0,750,지분,17,12750.0
울산광역시 울주군,3**,전,제1종일반주거지역,8m미만,201811,26,397.0,12300, ,17,4883100.0
울산광역시 울주군,산7*,임야,제1종일반주거지역,-,201811,27,33.0,1048,지분,17,34584.0
울산광역시 울주군,산7*,임야,제1종일반주거지역,-,201811,27,66.0,2035,지분,17,134310.0
울산광역시 울주군,1***,답,제1종일반주거지역,12m미만,201811,27,443.0,32800, ,17,14530400.0
울산광역시 중구 ,4**,대,제1종일반주거지역,12m미만,201811,27,300.3,54300, ,12,16306290.0
울산광역시 북구 ,6**,답,제1종일반주거지역,8m미만,201811,28,477.0,15000, ,12,7155000.0
울산광역시 울주군,1***,대,제2종일반주거지역,-,201811,28,56.6,7960, ,17,450536.0
울산광역시 중구 ,3**,전,제2종일반주거지역,8m미만,201811,28,251.0,8500, ,11,2133500.0
울산광역시 울주군,4**,전,제1종일반주거지역,-,201811,29,33.0,1499,지분,17,49467.0
울산광역시 울주군,2**,전,제1종일반주거지역,-,201811,29,605.0,11000, ,17,6655000.0
울산광역시 남구 ,1***,대,제1종일반주거지역,-,201811,29,206.6,113000, ,11,23345800.0
울산광역시 북구 ,1**,도로,제2종일반주거지역,8m미만,201811,30,102.0,10000, ,12,1020000.0
울산광역시 북구 ,1**,전,제2종일반주거지역,8m미만,201811,30,116.0,17500, ,12,2030000.0
울산광역시 북구 ,1**,전,제2종일반주거지역,8m미만,201811,30,212.0,21000, ,12,4452000.0
울산광역시 중구 ,1**,전,제2종일반주거지역,8m미만,201811,30,205.0,21720, ,11,4452600.0
울산광역시 북구 ,1**,전,제2종일반주거지역,-,201811,30,826.0,230000, ,12,189980000.0
울산광역시 울주군,8**,대,제1종일반주거지역,8m미만,201811,30,318.5,25600, ,17,8153600.0
울산광역시 북구 ,1**,도로,제2종일반주거지역,8m미만,201811,30,86.0,4500, ,12,387000.0
울산광역시 북구 ,1**,답,제2종일반주거지역,8m미만,201811,30,244.54,49400,지분,12,12080276.0
울산광역시 북구 ,1**,답,제2종일반주거지역,8m미만,201811,30,347.0,65000,지분,12,22555000.0
울산광역시 울주군,7*,임야,제1종일반주거지역,-,201812,1,241.0,10000, ,17,2410000.0
울산광역시 중구 ,2**,대,제2종일반주거지역,12m미만,201812,1,206.9,20000, ,12,4138000.0
울산광역시 울주군,4**,전,제1종일반주거지역,-,201812,3,33.0,1568,지분,17,51744.0
울산광역시 울주군,4**,답,제1종일반주거지역,8m미만,201812,3,33.0,1568,지분,17,51744.0
울산광역시 울주군,4**,답,제1종일반주거지역,-,201812,3,36.0,1725,지분,17,62100.0
울산광역시 울주군,3**,답,제1종일반주거지역,-,201812,3,330.0,16500, ,17,5445000.0
울산광역시 울주군,1**,도로,제2종일반주거지역,8m미만,201812,3,20.0,2700, ,17,54000.0
울산광역시 울주군,산2*,임야,제1종일반주거지역,-,201812,3,90.0,3969,지분,17,357210.0
울산광역시 울주군,산2*,임야,제1종일반주거지역,-,201812,3,100.5,4410,지분,17,443205.0
울산광역시 울주군,산2*,임야,제1종일반주거지역,-,201812,3,17.0,735,지분,17,12495.0
울산광역시 울주군,4**,전,제1종일반주거지역,-,201812,4,43.0,2038,지분,17,87634.0
울산광역시 울주군,산7*,임야,제1종일반주거지역,-,201812,4,66.0,2095,지분,17,138270.0
울산광역시 울주군,4**,전,제1종일반주거지역,-,201812,4,49.0,2352,지분,17,115248.0
울산광역시 울주군,4**,전,제1종일반주거지역,-,201812,4,90.0,4234,지분,17,381060.0
울산광역시 울주군,4**,전,제1종일반주거지역,8m미만,201812,4,166.0,7840, ,17,1301440.0
울산광역시 울주군,5**,묘지,제2종일반주거지역,-,201812,4,119.0,9800, ,16,1166200.0
울산광역시 울주군,4**,전,제1종일반주거지역,-,201812,5,34.0,1568,지분,17,53312.0
울산광역시 울주군,4**,답,제1종일반주거지역,-,201812,5,54.0,2399,지분,17,129546.0
울산광역시 울주군,1***,학교용지,제2종일반주거지역,25m미만,201812,5,13151.9,287388, ,17,3779698237.2
울산광역시 울주군,1***,답,제1종일반주거지역,-,201812,5,57.0,3000,지분,17,171000.0
울산광역시 북구 ,6**,전,제2종일반주거지역,25m이상,201812,6,31.0,1500, ,12,46500.0
울산광역시 울주군,5**,대,제1종일반주거지역,25m미만,201812,6,129.0,3600, ,17,464400.0
울산광역시 북구 ,6**,대,제2종일반주거지역,8m미만,201812,7,18.0,1080, ,12,19440.0
울산광역시 북구 ,6**,대,제2종일반주거지역,8m미만,201812,7,3.0,200, ,12,600.0
울산광역시 북구 ,6**,대,제2종일반주거지역,8m미만,201812,7,67.0,3920, ,12,262640.0
울산광역시 북구 ,6**,대,제1종일반주거지역,8m미만,201812,7,205.0,38500, ,12,7892500.0
울산광역시 북구 ,6**,도로,제2종일반주거지역,8m미만,201812,7,20.0,400, ,12,8000.0
울산광역시 울주군,5**,전,제1종일반주거지역,8m미만,201812,8,400.0,7270, ,17,2908000.0
울산광역시 울주군,2**,전,제1종일반주거지역,-,201812,10,807.0,15000, ,17,12105000.0
울산광역시 중구 ,7**,전,제2종일반주거지역,-,201812,10,13.38,370,지분,12,4950.6
울산광역시 울주군,3**,답,제1종일반주거지역,-,201812,10,99.0,4500, ,17,445500.0
울산광역시 중구 ,2**,대,제1종전용주거지역,12m미만,201812,10,261.5,40500, ,12,10590750.0
울산광역시 울주군,4**,전,제1종일반주거지역,12m미만,201812,10,66.0,5000, ,17,330000.0
울산광역시 중구 ,7**,전,제2종일반주거지역,-,201812,10,19.13,530,지분,12,10138.9
울산광역시 북구 ,7**,하천,제2종일반주거지역,8m미만,201812,11,596.0,120000, ,12,71520000.0
울산광역시 중구 ,7**,대,제2종일반주거지역,8m미만,201812,12,70.4,12626, ,12,888870.4
울산광역시 울주군,1***,대,제1종일반주거지역,8m미만,201812,12,609.0,13700, ,17,8343300.0
울산광역시 동구 ,산*,임야,제3종일반주거지역,-,201812,13,25.0,10000,지분,12,250000.0
울산광역시 울주군,4**,전,제1종일반주거지역,-,201812,13,79.0,3599,지분,17,284321.0
울산광역시 울주군,5**,도로,제2종일반주거지역,8m미만,201812,13,126.0,3797, ,16,478422.0
울산광역시 울주군,5**,전,제2종일반주거지역,8m미만,201812,13,20.0,603, ,16,12060.0
울산광역시 울주군,1***,임야,제1종일반주거지역,-,201812,14,331.0,12922,지분,16,4277182.0
울산광역시 울주군,산7*,임야,제1종일반주거지역,-,201812,17,34.0,1058,지분,17,35972.0
울산광역시 울주군,1***,대,제2종일반주거지역,12m미만,201812,17,182.85,22000,지분,17,4022700.0
울산광역시 울주군,3**,대,제1종일반주거지역,8m미만,201812,17,281.0,34000, ,17,9554000.0
울산광역시 울주군,4**,전,제1종일반주거지역,-,201812,17,99.0,4704,지분,17,465696.0
울산광역시 울주군,산3**,임야,제1종일반주거지역,12m미만,201812,18,33.0,1470,지분,17,48510.0
울산광역시 울주군,산2*,임야,제1종일반주거지역,-,201812,18,66.0,2940,지분,17,194040.0
울산광역시 울주군,산1*,임야,제1종일반주거지역,-,201812,18,78.0,3484,지분,17,271752.0
울산광역시 북구 ,4**,답,제1종일반주거지역,8m미만,201812,18,72.0,3700,지분,12,266400.0
울산광역시 울주군,산2*,임야,제1종일반주거지역,-,201812,18,99.0,4410,지분,17,436590.0
울산광역시 울주군,산2*,임야,제1종일반주거지역,-,201812,18,331.0,6000,지분,17,1986000.0
울산광역시 북구 ,5**,전,제2종일반주거지역,8m미만,201812,19,457.0,61930, ,12,28302010.0
울산광역시 울주군,5*,전,제1종일반주거지역,8m미만,201812,20,21.0,1000,지분,17,21000.0
울산광역시 동구 ,9*,대,제1종일반주거지역,12m미만,201812,21,79.0,12482, ,12,986078.0
울산광역시 울주군,1**,도로,제2종일반주거지역,8m미만,201812,21,1.17,162,지분,17,189.54
울산광역시 울주군,1**,도로,제2종일반주거지역,8m미만,201812,21,1.17,165,지분,17,193.04999999999998
울산광역시 북구 ,1**,묘지,제1종일반주거지역,8m미만,201812,21,1277.0,95000, ,12,121315000.0
울산광역시 북구 ,6**,대,제2종일반주거지역,8m미만,201812,22,56.0,2700, ,12,151200.0
울산광역시 울주군,4**,전,제1종일반주거지역,-,201812,24,23.0,1098,지분,17,25254.0
울산광역시 울주군,4**,전,제1종일반주거지역,-,201812,24,33.0,1568,지분,17,51744.0
울산광역시 중구 ,5**,잡종지,제2종일반주거지역,8m미만,201812,24,119.0,28000, ,12,3332000.0
울산광역시 남구 ,1***,대,제2종일반주거지역,8m미만,201812,24,170.5,36775,지분,11,6270137.5
울산광역시 중구 ,6**,대,제2종일반주거지역,12m미만,201812,26,8.0,1058, ,12,8464.0
울산광역시 중구 ,6**,도로,제3종일반주거지역,12m미만,201812,26,8.0,1058, ,12,8464.0
울산광역시 중구 ,5**,대,제2종일반주거지역,8m미만,201812,26,12.0,1588, ,12,19056.0
울산광역시 중구 ,5**,대,제3종일반주거지역,8m미만,201812,26,15.0,1985, ,12,29775.0
울산광역시 북구 ,1**,임야,제3종일반주거지역,-,201812,26,140.41,10600,지분,12,1488346.0
울산광역시 남구 ,8**,임야,제2종일반주거지역,8m미만,201812,26,27.0,12000, ,12,324000.0
울산광역시 울주군,산1*,임야,제2종일반주거지역,12m미만,201812,26,2553.0,138000, ,17,352314000.0
울산광역시 중구 ,4**,대,제2종일반주거지역,8m미만,201812,26,111.0,15490, ,12,1719390.0
울산광역시 울주군,1***,대,제2종일반주거지역,12m미만,201812,26,178.3,16500, ,17,2941950.0
울산광역시 중구 ,5**,대,제3종일반주거지역,12m미만,201812,26,16.0,2212, ,12,35392.0
울산광역시 중구 ,4**,잡종지,제3종일반주거지역,8m미만,201812,26,17.0,2217, ,12,37689.0
울산광역시 중구 ,4**,대,제3종일반주거지역,8m미만,201812,26,23.0,2808, ,12,64584.0
울산광역시 중구 ,4**,대,제3종일반주거지역,12m미만,201812,26,20.0,2897, ,12,57940.0
울산광역시 중구 ,5**,대,제3종일반주거지역,-,201812,26,2.0,239, ,12,478.0
울산광역시 중구 ,5**,전,제3종일반주거지역,12m미만,201812,26,33.0,4280, ,12,141240.0
울산광역시 중구 ,5**,대,제2종일반주거지역,8m미만,201812,26,35.0,4631, ,12,162085.0
울산광역시 중구 ,4**,대,제2종일반주거지역,8m미만,201812,26,3.0,410, ,12,1230.0
울산광역시 남구 ,7**,대,제1종일반주거지역,-,201812,26,332.0,45000, ,12,14940000.0
울산광역시 중구 ,4**,잡종지,제3종일반주거지역,12m미만,201812,26,36.0,5215, ,12,187740.0
울산광역시 중구 ,6**,대,제3종일반주거지역,12m미만,201812,26,38.0,5305, ,12,201590.0
울산광역시 중구 ,5**,대,제2종일반주거지역,12m미만,201812,26,38.0,5529, ,12,210102.0
울산광역시 남구 ,7**,임야,제2종일반주거지역,8m미만,201812,26,41.0,5550, ,12,227550.0
울산광역시 중구 ,5**,대,제2종일반주거지역,8m미만,201812,26,4.0,529, ,12,2116.0
울산광역시 남구 ,8**,임야,제2종일반주거지역,8m미만,201812,26,122.0,55500, ,12,6771000.0
울산광역시 중구 ,6**,대,제3종일반주거지역,12m미만,201812,26,47.0,6561, ,12,308367.0
울산광역시 남구 ,7**,대,제1종일반주거지역,-,201812,26,423.0,64000, ,12,27072000.0
울산광역시 중구 ,4**,잡종지,제3종일반주거지역,8m미만,201812,26,63.0,8215, ,12,517545.0
울산광역시 울주군,1***,전,제1종일반주거지역,12m미만,201812,26,21.0,812,지분,17,17052.0
울산광역시 중구 ,4**,전,제2종일반주거지역,8m미만,201812,26,6.0,819, ,12,4914.0
울산광역시 중구 ,4**,대,제2종일반주거지역,8m미만,201812,26,6.0,819, ,12,4914.0
울산광역시 중구 ,3**,대,제2종일반주거지역,12m미만,201812,26,5.0,853, ,12,4265.0
울산광역시 중구 ,5**,대,제3종일반주거지역,8m미만,201812,26,78.0,9317, ,12,726726.0
울산광역시 남구 ,8**,대,제2종일반주거지역,8m미만,201812,26,202.0,91500, ,12,18483000.0
울산광역시 울주군,4**,전,제1종일반주거지역,-,201812,27,33.0,2058,지분,17,67914.0
울산광역시 울주군,산2*,임야,제1종일반주거지역,-,201812,28,33.0,1048,지분,17,34584.0
울산광역시 중구 ,5**,대,제3종일반주거지역,8m미만,201812,28,89.0,12082, ,12,1075298.0
울산광역시 중구 ,산1**,임야,제2종일반주거지역,-,201812,28,552.0,196980, ,12,108732960.0
울산광역시 북구 ,8**,답,제2종일반주거지역,8m미만,201812,28,102.0,20000, ,12,2040000.0
울산광역시 중구 ,5**,대,제3종일반주거지역,25m미만,201812,28,88.0,21336, ,12,1877568.0
울산광역시 남구 ,1**,도로,제2종일반주거지역,8m미만,201812,28,61.5,270,지분,12,16605.0
울산광역시 중구 ,5**,대,제3종일반주거지역,8m미만,201812,28,24.0,3258, ,12,78192.0
울산광역시 중구 ,7**,대,제2종일반주거지역,8m미만,201812,28,198.0,33690, ,12,6670620.0
울산광역시 중구 ,7**,전,제2종일반주거지역,8m미만,201812,28,202.0,34370, ,12,6942740.0
울산광역시 울주군,1***,대,제1종일반주거지역,12m미만,201812,28,330.1,45000, ,16,14854500.000000002
울산광역시 남구 ,7*,답,제1종일반주거지역,25m미만,201812,28,410.75,53898,지분,12,22138603.5
울산광역시 중구 ,1**,대,제3종일반주거지역,25m미만,201812,28,25.0,6061, ,12,151525.0
울산광역시 남구 ,7*,답,제1종일반주거지역,25m미만,201812,28,46.5,6102,지분,12,283743.0
울산광역시 중구 ,1**,대,제3종일반주거지역,25m미만,201812,28,32.0,7608, ,12,243456.0
울산광역시 중구 ,5**,대,제3종일반주거지역,8m미만,201812,28,60.0,8145, ,12,488700.0
울산광역시 울주군,1***,도로,제2종일반주거지역,8m미만,201812,29,22.7,500, ,17,11350.0
울산광역시 울주군,4**,답,제2종일반주거지역,-,201812,31,19.5,2864,지분,16,55848.0
울산광역시 울주군,1**,전,제2종일반주거지역,8m미만,201812,31,93.0,6725, ,17,625425.0
울산광역시 울주군,1**,전,제2종일반주거지역,8m미만,201812,31,102.0,7375, ,17,752250.0
울산광역시 울주군,2**,전,제1종일반주거지역,12m미만,201812,31,252.0,7600, ,17,1915200.0
울산광역시 울주군,6*,대,제2종일반주거지역,8m미만,201901,2,13.0,1150, ,17,14950.0
울산광역시 중구 ,1**,전,제3종일반주거지역,8m미만,201901,2,1.0,100,지분,12,100.0
울산광역시 울주군,8**,대,제2종일반주거지역,12m미만,201901,2,181.8,12100, ,17,2199780.0
울산광역시 북구 ,1*,대,제2종일반주거지역,25m이상,201901,2,1208.9,251000, ,12,303433900.0
울산광역시 북구 ,1*,대,제2종일반주거지역,25m이상,201901,2,1399.4,297000, ,12,415621800.0
울산광역시 울주군,4**,전,제1종일반주거지역,-,201901,2,50.0,3087,지분,17,154350.0
울산광역시 울주군,4**,전,제1종일반주거지역,-,201901,2,33.0,3136,지분,17,103488.0
울산광역시 북구 ,1*,대,제2종일반주거지역,8m미만,201901,2,641.2,81200, ,12,52065440.0
울산광역시 울주군,1**,도로,제2종일반주거지역,8m미만,201901,3,10.0,1350, ,17,13500.0
울산광역시 울주군,산3**,임야,제1종일반주거지역,12m미만,201901,3,991.7,24000,지분,17,23800800.0
울산광역시 울주군,1***,대,제2종일반주거지역,12m미만,201901,3,94.0,7950,지분,17,747300.0
울산광역시 울주군,산3**,임야,제1종일반주거지역,12m미만,201901,4,996.0,14749,지분,17,14690004.0
울산광역시 남구 ,7**,대,제1종일반주거지역,-,201901,4,399.0,46000, ,12,18354000.0
울산광역시 남구 ,1***,도로,제3종일반주거지역,25m미만,201901,4,7.29,500, ,12,3645.0
울산광역시 남구 ,7**,대,제1종일반주거지역,-,201901,7,342.0,39000, ,12,13338000.0
울산광역시 울주군,2**,전,제1종일반주거지역,-,201901,7,165.0,8330, ,17,1374450.0
울산광역시 중구 ,1**,잡종지,제2종일반주거지역,8m미만,201901,8,30.83,2740,지분,11,84474.2
울산광역시 울주군,1**,답,제1종일반주거지역,12m미만,201901,8,331.0,20000, ,17,6620000.0
울산광역시 울주군,4**,전,제1종일반주거지역,-,201901,8,99.0,4704,지분,17,465696.0
울산광역시 중구 ,3**,대,제1종전용주거지역,25m미만,201901,8,330.9,40000, ,12,13236000.0
울산광역시 중구 ,1**,답,제2종일반주거지역,25m미만,201901,8,57.33,7780,지분,11,446027.39999999997
울산광역시 울주군,2**,전,제1종일반주거지역,-,201901,9,39.0,1999,지분,17,77961.0
울산광역시 울주군,4**,전,제1종일반주거지역,-,201901,9,165.0,7840, ,17,1293600.0
울산광역시 북구 ,1**,대,제1종일반주거지역,25m미만,201901,9,1281.0,80000, ,12,102480000.0
울산광역시 울주군,2**,전,제1종일반주거지역,-,201901,9,17.0,833,지분,17,14161.0
울산광역시 울주군,1**,대,제1종일반주거지역,8m미만,201901,10,25.0,5244, ,17,131100.0
울산광역시 울주군,5**,전,제1종일반주거지역,8m미만,201901,10,36.0,720,지분,17,25920.0
울산광역시 중구 ,5**,대,제1종전용주거지역,12m미만,201901,12,278.5,35700, ,11,9942450.0
울산광역시 남구 ,1***,도로,제3종일반주거지역,25m미만,201901,12,3.95,600, ,12,2370.0
울산광역시 남구 ,1***,전,제2종일반주거지역,12m미만,201901,14,6.0,1000, ,12,6000.0
울산광역시 남구 ,1***,대,제2종일반주거지역,12m미만,201901,14,7.0,1000, ,12,7000.0
울산광역시 남구 ,1***,대,제2종일반주거지역,-,201901,14,20.0,12300, ,12,246000.0
울산광역시 남구 ,1***,도로,제2종일반주거지역,8m미만,201901,14,21.0,2730, ,12,57330.0
울산광역시 남구 ,1***,대,제2종일반주거지역,8m미만,201901,14,10.0,3000, ,12,30000.0
울산광역시 남구 ,1***,대,제2종일반주거지역,8m미만,201901,14,11.0,3650, ,12,40150.0
울산광역시 남구 ,1***,대,제2종일반주거지역,12m미만,201901,14,40.0,5000, ,12,200000.0
울산광역시 북구 ,6**,도로,제1종일반주거지역,8m미만,201901,14,31.0,534, ,12,16554.0
울산광역시 울주군,7**,답,제2종일반주거지역,12m미만,201901,15,14.0,1060,지분,17,14840.0
울산광역시 울주군,4**,전,제1종일반주거지역,-,201901,15,33.0,1568,지분,17,51744.0
울산광역시 울주군,7**,답,제2종일반주거지역,12m미만,201901,15,34.0,2560,지분,17,87040.0
울산광역시 남구 ,8**,도로,제2종일반주거지역,8m미만,201901,15,5.7,200,지분,12,1140.0
울산광역시 울주군,7**,임야,제2종일반주거지역,-,201901,15,302.0,26560, ,17,8021120.0
울산광역시 울주군,7**,답,제2종일반주거지역,12m미만,201901,15,77.0,5800, ,17,446600.0
울산광역시 울주군,7**,답,제2종일반주거지역,-,201901,15,94.0,7080, ,17,665520.0
울산광역시 중구 ,4**,대,제2종일반주거지역,12m미만,201901,16,157.9,22900, ,12,3615910.0
울산광역시 울주군,7**,답,제2종일반주거지역,25m미만,201901,16,4.79,400,지분,17,1916.0
울산광역시 울주군,산1*,임야,제1종일반주거지역,-,201901,16,16.5,735,지분,17,12127.5
울산광역시 울주군,2**,전,제1종일반주거지역,-,201901,16,16.0,833,지분,17,13328.0
울산광역시 남구 ,7**,대,제1종일반주거지역,-,201901,17,149.15,10000,지분,12,1491500.0
울산광역시 울주군,2**,전,제1종일반주거지역,-,201901,17,66.0,3332,지분,17,219912.0
울산광역시 울주군,2**,전,제1종일반주거지역,-,201901,17,83.0,4165,지분,17,345695.0
울산광역시 남구 ,7**,대,제1종일반주거지역,-,201901,18,337.0,37427, ,12,12612899.0
울산광역시 울주군,2**,대,제2종일반주거지역,8m미만,201901,18,198.0,4000, ,17,792000.0
울산광역시 북구 ,1***,대,제2종일반주거지역,12m미만,201901,18,310.7,47500, ,12,14758250.0
울산광역시 울주군,2**,전,제1종일반주거지역,-,201901,21,33.0,1666,지분,17,54978.0
울산광역시 울주군,3**,답,제1종일반주거지역,-,201901,21,982.0,16300, ,17,16006600.0
울산광역시 울주군,산3**,임야,제1종일반주거지역,12m미만,201901,21,196.49,2880,지분,17,565891.2000000001
울산광역시 중구 ,3**,대,제2종일반주거지역,8m미만,201901,21,30.0,3500, ,11,105000.0
울산광역시 울주군,2**,전,제1종일반주거지역,-,201901,22,60.0,3000,지분,17,180000.0
울산광역시 울주군,4**,전,제1종일반주거지역,-,201901,24,33.0,1568,지분,17,51744.0
울산광역시 울주군,3**,전,제1종일반주거지역,8m미만,201901,24,1672.0,140000, ,17,234080000.0
울산광역시 북구 ,2*,대,제2종일반주거지역,25m미만,201901,24,526.0,165000, ,12,86790000.0
울산광역시 울주군,8**,전,제1종일반주거지역,8m미만,201901,24,202.13,6000,지분,17,1212780.0
울산광역시 남구 ,1***,도로,제3종일반주거지역,25m미만,201901,25,7.29,250,지분,12,1822.5
울산광역시 울주군,2**,전,제1종일반주거지역,-,201901,28,33.0,1666,지분,17,54978.0
울산광역시 울주군,4**,전,제1종일반주거지역,-,201901,28,33.0,2058,지분,17,67914.0
울산광역시 울주군,1**,전,제1종일반주거지역,8m미만,201901,28,3.0,70, ,17,210.0
울산광역시 북구 ,8**,대,제1종일반주거지역,-,201901,29,323.0,102242, ,12,33024166.0
울산광역시 북구 ,1***,대,제1종일반주거지역,-,201901,29,530.8,108963, ,12,57837560.4
울산광역시 북구 ,1***,대,제1종일반주거지역,-,201901,29,532.2,113683, ,12,60502092.6
울산광역시 북구 ,9**,주차장,제2종일반주거지역,-,201901,29,2494.3,127633, ,12,318354991.90000004
울산광역시 북구 ,1***,주차장,제1종일반주거지역,-,201901,29,2820.9,137632, ,12,388246108.8
울산광역시 북구 ,1***,대,제1종일반주거지역,-,201901,29,218.3,27408, ,12,5983166.4
울산광역시 북구 ,1***,대,제1종일반주거지역,-,201901,29,230.1,28477, ,12,6552557.7
울산광역시 울주군,1***,대,제2종일반주거지역,25m이상,201901,29,152.65,28644,지분,17,4372506.600000001
울산광역시 북구 ,1***,대,제1종일반주거지역,-,201901,29,238.5,30368, ,12,7242768.0
울산광역시 동구 ,1**,대,제1종일반주거지역,12m미만,201901,29,171.0,30700, ,12,5249700.0
울산광역시 북구 ,1***,대,제1종일반주거지역,-,201901,29,293.6,35637, ,12,10463023.200000001
울산광역시 북구 ,1***,대,제1종일반주거지역,-,201901,29,293.7,35649, ,12,10470111.299999999
울산광역시 북구 ,9**,대,제1종일반주거지역,-,201901,29,198.4,35887, ,12,7119980.8
울산광역시 북구 ,1***,대,제1종일반주거지역,-,201901,29,1385.1,369212, ,12,511395541.2
울산광역시 북구 ,1***,대,제1종일반주거지역,-,201901,29,315.5,38671, ,12,12200700.5
울산광역시 북구 ,1***,대,제1종일반주거지역,-,201901,29,236.0,39598, ,12,9345128.0
울산광역시 북구 ,1***,대,제1종일반주거지역,-,201901,29,307.8,39925, ,12,12288915.0
울산광역시 북구 ,1***,대,제1종일반주거지역,-,201901,29,246.4,41343, ,12,10186915.200000001
울산광역시 북구 ,9**,대,제1종일반주거지역,-,201901,29,230.2,41503, ,12,9553990.6
울산광역시 북구 ,1***,대,제1종일반주거지역,-,201901,29,322.2,42943, ,12,13836234.6
울산광역시 북구 ,1***,대,제1종일반주거지역,-,201901,29,387.7,44523, ,12,17261567.099999998
울산광역시 북구 ,1***,대,제1종일반주거지역,-,201901,29,356.9,44809, ,12,15992332.1
울산광역시 북구 ,1***,대,제1종일반주거지역,-,201901,29,335.1,45061, ,12,15099941.100000001
울산광역시 북구 ,1***,대,제1종일반주거지역,-,201901,29,386.7,56141, ,12,21709724.7
울산광역시 북구 ,1***,대,제1종일반주거지역,-,201901,29,477.5,56254, ,12,26861285.0
울산광역시 북구 ,9**,대,제1종일반주거지역,-,201901,29,347.2,60323, ,12,20944145.599999998
울산광역시 북구 ,1***,대,제1종일반주거지역,-,201901,29,313.1,62595, ,12,19598494.5
울산광역시 북구 ,9**,대,제1종일반주거지역,-,201901,29,358.6,64864, ,12,23260230.400000002
울산광역시 북구 ,1***,대,제1종일반주거지역,-,201901,29,470.5,67470, ,12,31744635.0
울산광역시 북구 ,1***,대,제1종일반주거지역,-,201901,29,422.5,68377, ,12,28889282.5
울산광역시 북구 ,9**,대,제1종일반주거지역,-,201901,29,379.9,69620, ,12,26448638.0
울산광역시 북구 ,9**,대,제1종일반주거지역,-,201901,29,440.4,77039, ,12,33927975.6
울산광역시 동구 ,1**,대,제1종일반주거지역,-,201901,29,46.0,8300, ,12,381800.0
울산광역시 북구 ,9**,대,제1종일반주거지역,-,201901,29,487.2,82327, ,12,40109714.4
울산광역시 북구 ,1***,대,제1종일반주거지역,-,201901,29,442.8,89052, ,12,39432225.6
울산광역시 북구 ,1***,대,제1종일반주거지역,-,201901,29,444.5,89393, ,12,39735188.5
울산광역시 북구 ,1***,대,제1종일반주거지역,-,201901,29,464.6,95373, ,12,44310295.800000004
울산광역시 울주군,9**,도로,제2종일반주거지역,8m미만,201901,30,10.0,206,지분,17,2060.0
울산광역시 울주군,7**,도로,제2종일반주거지역,8m미만,201901,30,10.0,230,지분,17,2300.0
울산광역시 울주군,8**,임야,제2종일반주거지역,8m미만,201901,30,10.0,290,지분,17,2900.0
울산광역시 울주군,7**,도로,제2종일반주거지역,8m미만,201901,30,10.0,302,지분,17,3020.0
울산광역시 울주군,8**,임야,제2종일반주거지역,-,201901,30,10.0,304,지분,17,3040.0
울산광역시 울주군,8**,도로,제2종일반주거지역,8m미만,201901,30,10.0,333,지분,17,3330.0
울산광역시 울주군,산3**,임야,제1종일반주거지역,12m미만,201901,30,198.33,7000,지분,17,1388310.0
울산광역시 중구 ,1**,전,제3종일반주거지역,8m미만,201901,31,1.0,100,지분,12,100.0
울산광역시 중구 ,3**,공원,제1종일반주거지역,-,201901,31,1728.0,22464, ,12,38817792.0
울산광역시 울주군,4**,답,제1종일반주거지역,-,201902,1,330.0,2000, ,17,660000.0
울산광역시 울주군,4**,답,제1종일반주거지역,-,201902,1,331.0,2100, ,17,695100.0
울산광역시 울주군,4**,답,제1종일반주거지역,-,201902,1,331.0,2200, ,17,728200.0
울산광역시 울주군,6**,전,제1종일반주거지역,-,201902,1,165.0,2500, ,17,412500.0
울산광역시 울주군,6**,전,제1종일반주거지역,-,201902,1,139.0,2520, ,17,350280.0
울산광역시 울주군,6**,전,제1종일반주거지역,-,201902,1,198.0,2600, ,17,514800.0
울산광역시 울주군,4**,답,제1종일반주거지역,-,201902,1,331.0,3000, ,17,993000.0
울산광역시 울주군,6**,전,제1종일반주거지역,-,201902,1,266.0,3080, ,17,819280.0
울산광역시 울주군,6**,전,제1종일반주거지역,8m미만,201902,1,330.0,3300, ,17,1089000.0
울산광역시 울주군,4**,답,제1종일반주거지역,-,201902,1,330.0,4200, ,17,1386000.0
울산광역시 중구 ,1**,대,제1종일반주거지역,12m미만,201902,1,308.4,49300, ,12,15204119.999999998
울산광역시 울주군,1***,전,제1종일반주거지역,8m미만,201902,2,823.0,15000, ,17,12345000.0
울산광역시 울주군,1**,답,제2종일반주거지역,-,201902,4,217.0,16137, ,17,3501729.0
울산광역시 울주군,1**,답,제2종일반주거지역,-,201902,4,264.0,32006, ,17,8449584.0
울산광역시 울주군,1**,전,제1종일반주거지역,-,201902,7,46.25,1330,지분,17,61512.5
울산광역시 울주군,4**,전,제1종일반주거지역,-,201902,7,33.0,1568,지분,17,51744.0
울산광역시 울주군,9**,답,제1종일반주거지역,-,201902,7,34.2,1800,지분,17,61560.00000000001
울산광역시 울주군,1**,전,제1종일반주거지역,-,201902,7,315.0,11370, ,17,3581550.0
울산광역시 울주군,9**,답,제1종일반주거지역,-,201902,7,3.3,180,지분,17,594.0
울산광역시 울주군,4**,답,제1종일반주거지역,-,201902,7,38.0,600,지분,17,22800.0
울산광역시 울주군,9**,답,제1종일반주거지역,-,201902,8,20.0,1080,지분,17,21600.0
울산광역시 울주군,9**,답,제1종일반주거지역,-,201902,8,3.3,180,지분,17,594.0
울산광역시 울주군,9**,답,제1종일반주거지역,-,201902,8,6.6,360,지분,17,2376.0
울산광역시 울주군,2*,잡종지,제1종일반주거지역,12m미만,201902,8,63.0,4310, ,17,271530.0
울산광역시 울주군,9**,답,제1종일반주거지역,-,201902,8,13.0,720,지분,17,9360.0
울산광역시 울주군,산3**,임야,제1종일반주거지역,12m미만,201902,11,34.58,1470,지분,17,50832.6
울산광역시 울주군,산2*,임야,제1종일반주거지역,-,201902,11,34.0,1470,지분,17,49980.0
울산광역시 울주군,4**,전,제1종일반주거지역,-,201902,11,33.0,1568,지분,17,51744.0
울산광역시 울주군,2**,답,제1종일반주거지역,-,201902,11,15.0,250, ,17,3750.0
울산광역시 울주군,2**,답,제1종일반주거지역,-,201902,11,24.0,350, ,17,8400.0
울산광역시 울주군,4**,전,제1종일반주거지역,-,201902,11,66.0,4116,지분,17,271656.0
울산광역시 울주군,6**,대,제2종일반주거지역,-,201902,11,8.53,600,지분,17,5118.0
울산광역시 울주군,산2*,임야,제1종일반주거지역,-,201902,11,265.0,8000,지분,17,2120000.0
울산광역시 중구 ,1**,대,제2종일반주거지역,8m미만,201902,11,104.0,9600, ,11,998400.0
울산광역시 울주군,9**,답,제1종일반주거지역,-,201902,12,20.0,1080,지분,17,21600.0
울산광역시 울주군,산1**,임야,제3종일반주거지역,-,201902,12,226.0,2735, ,17,618110.0
울산광역시 울주군,4**,임야,제1종일반주거지역,8m미만,201902,13,37.97,170,지분,17,6454.9
울산광역시 북구 ,2**,답,제2종일반주거지역,-,201902,14,356.0,37000,지분,12,13172000.0
울산광역시 울주군,5**,답,제1종일반주거지역,-,201902,14,17.0,881,지분,17,14977.0
울산광역시 울주군,5**,답,제1종일반주거지역,-,201902,14,176.0,9119, ,17,1604944.0
울산광역시 울주군,5**,대,제2종일반주거지역,12m미만,201902,15,193.8,8000, ,17,1550400.0
울산광역시 남구 ,6**,대,제2종일반주거지역,-,201902,15,156.0,94797, ,12,14788332.0
울산광역시 북구 ,2**,대,제2종일반주거지역,-,201902,17,82.5,12478,지분,12,1029435.0
울산광역시 북구 ,2**,전,제2종일반주거지역,-,201902,17,95.75,14482,지분,12,1386651.5
울산광역시 북구 ,2**,대,제2종일반주거지역,-,201902,17,113.25,17129,지분,12,1939859.25
울산광역시 북구 ,2**,답,제2종일반주거지역,-,201902,17,165.0,21226,지분,12,3502290.0
울산광역시 북구 ,2**,대,제2종일반주거지역,-,201902,17,191.5,24636,지분,12,4717794.0
울산광역시 북구 ,3**,전,제2종일반주거지역,8m미만,201902,17,169.9,25700,지분,12,4366430.0
울산광역시 북구 ,2**,대,제2종일반주거지역,-,201902,17,226.5,29138,지분,12,6599757.0
울산광역시 울주군,3**,답,제1종일반주거지역,8m미만,201902,18,129.0,1000, ,17,129000.0
울산광역시 울주군,4**,도로,제2종일반주거지역,8m미만,201902,18,20.0,1320, ,16,26400.0
울산광역시 울주군,3**,대,제2종일반주거지역,8m미만,201902,18,400.0,10000, ,16,4000000.0
울산광역시 울주군,3**,전,제2종일반주거지역,-,201902,18,1002.0,136300, ,16,136572600.0
울산광역시 울주군,4**,도로,제2종일반주거지역,8m미만,201902,18,33.0,2180, ,16,71940.0
울산광역시 울주군,5**,전,제1종일반주거지역,8m미만,201902,19,413.0,10000, ,17,4130000.0
울산광역시 울주군,4**,대,제1종일반주거지역,12m미만,201902,19,202.5,15000,지분,17,3037500.0
울산광역시 북구 ,2**,답,제2종일반주거지역,-,201902,19,1369.0,186355, ,12,255119995.0
울산광역시 남구 ,산1**,임야,제3종일반주거지역,8m미만,201902,19,12.78,470,지분,12,6006.599999999999
울산광역시 울주군,2**,전,제1종일반주거지역,8m미만,201902,19,178.73,5000,지분,17,893650.0
울산광역시 울주군,5**,답,제1종일반주거지역,-,201902,20,166.0,11000, ,17,1826000.0
울산광역시 남구 ,5**,대,제2종일반주거지역,12m미만,201902,20,170.0,22000, ,12,3740000.0
울산광역시 울주군,5**,답,제1종일반주거지역,-,201902,20,54.0,3520,지분,17,190080.0
울산광역시 울주군,1**,전,제1종일반주거지역,-,201902,21,33.0,1650,지분,17,54450.0
울산광역시 울주군,산9*,임야,제1종일반주거지역,12m미만,201902,21,992.0,10500,지분,17,10416000.0
울산광역시 울주군,1**,전,제2종일반주거지역,-,201902,21,252.0,13200, ,17,3326400.0
울산광역시 울주군,1**,대,제2종일반주거지역,8m미만,201902,21,37.0,2200,지분,17,81400.0
울산광역시 울주군,1**,전,제1종일반주거지역,-,201902,21,66.0,3200,지분,17,211200.0
울산광역시 남구 ,5**,도로,제2종일반주거지역,12m미만,201902,21,15.45,480,지분,11,7416.0
울산광역시 중구 ,3**,대,제1종전용주거지역,12m미만,201902,21,315.7,50000, ,12,15785000.0
울산광역시 북구 ,1*,전,제2종일반주거지역,-,201902,21,499.0,77000, ,12,38423000.0
울산광역시 북구 ,1**,도로,제1종일반주거지역,8m미만,201902,22,6.0,100, ,12,600.0
울산광역시 울주군,8*,과수원,제1종일반주거지역,-,201902,22,638.0,5790, ,17,3694020.0
울산광역시 북구 ,3**,답,제1종일반주거지역,25m미만,201902,23,1155.0,119000, ,12,137445000.0
울산광역시 중구 ,2**,대,제2종일반주거지역,8m미만,201902,23,137.2,42000, ,12,5762399.999999999
울산광역시 울주군,4**,전,제1종일반주거지역,-,201902,25,16.5,1029,지분,17,16978.5
울산광역시 남구 ,6*,도로,제2종일반주거지역,12m미만,201902,25,9.0,260, ,12,2340.0
울산광역시 울주군,3**,전,제2종일반주거지역,8m미만,201902,25,268.5,32400,지분,16,8699400.0
울산광역시 중구 ,8**,대,제1종전용주거지역,12m미만,201902,25,266.6,38100, ,12,10157460.0
울산광역시 북구 ,*,전,제2종일반주거지역,-,201902,25,179.67,43470,지분,12,7810254.899999999
울산광역시 북구 ,*,묘지,제2종일반주거지역,-,201902,25,324.0,49000, ,12,15876000.0
울산광역시 울주군,1**,전,제1종일반주거지역,-,201902,26,56.0,2832,지분,17,158592.0
울산광역시 울주군,9**,답,제1종일반주거지역,-,201902,26,79.0,3600,지분,17,284400.0
울산광역시 동구 ,1**,대,제2종일반주거지역,25m미만,201902,26,422.8,80000, ,12,33824000.0
울산광역시 북구 ,5**,전,제2종일반주거지역,8m미만,201902,28,6.0,1000, ,12,6000.0
울산광역시 울주군,4**,전,제1종일반주거지역,-,201902,28,16.0,1029,지분,17,16464.0
울산광역시 남구 ,4**,답,제2종일반주거지역,8m미만,201902,28,108.0,33000, ,12,3564000.0
울산광역시 울주군,1**,전,제1종일반주거지역,-,201902,28,8.0,333,지분,17,2664.0
울산광역시 남구 ,4**,답,제2종일반주거지역,8m미만,201902,28,110.0,49920, ,12,5491200.0
울산광역시 울주군,2**,전,제2종일반주거지역,25m미만,201902,28,77.67,5000,지분,17,388350.0
울산광역시 울주군,2**,대,제1종일반주거지역,8m미만,201902,28,40.0,5314, ,17,212560.0
울산광역시 울주군,1**,전,제1종일반주거지역,-,201902,28,132.0,6664,지분,17,879648.0
울산광역시 북구 ,6**,대,제1종일반주거지역,8m미만,201903,4,69.0,2000, ,12,138000.0
울산광역시 울주군,7**,대,제2종일반주거지역,25m이상,201903,4,114.5,36800,지분,17,4213600.0
울산광역시 울주군,1**,답,제2종일반주거지역,-,201903,4,39.0,5031, ,17,196209.0
울산광역시 울주군,2**,답,제2종일반주거지역,-,201903,4,128.0,9000, ,17,1152000.0
울산광역시 울주군,4**,전,제2종일반주거지역,8m미만,201903,5,645.0,32000, ,16,20640000.0
울산광역시 울주군,1**,도로,제2종일반주거지역,8m미만,201903,5,30.0,4540, ,17,136200.0
울산광역시 북구 ,5**,전,제2종일반주거지역,-,201903,5,4.61,447,지분,12,2060.67
울산광역시 울주군,4**,과수원,제2종일반주거지역,-,201903,5,992.0,51000, ,16,50592000.0
울산광역시 중구 ,2**,도로,제2종일반주거지역,8m미만,201903,6,9.8,2800,지분,12,27440.000000000004
울산광역시 울주군,1**,전,제1종일반주거지역,-,201903,6,206.0,3500, ,17,721000.0
울산광역시 울주군,2**,도로,제1종일반주거지역,8m미만,201903,7,50.0,1000, ,17,50000.0
울산광역시 울주군,4**,답,제1종일반주거지역,-,201903,7,132.0,2400,지분,17,316800.0
울산광역시 울주군,4**,답,제1종일반주거지역,-,201903,7,165.0,3050,지분,17,503250.0
울산광역시 중구 ,2**,대,제2종일반주거지역,8m미만,201903,7,129.6,38320, ,12,4966272.0
울산광역시 북구 ,4**,전,제2종일반주거지역,12m미만,201903,7,802.0,80000, ,12,64160000.0
울산광역시 동구 ,5**,도로,제2종일반주거지역,8m미만,201903,8,18.15,475,지분,12,8621.25
울산광역시 울주군,1***,답,제1종일반주거지역,12m미만,201903,8,218.0,5500, ,17,1199000.0
울산광역시 남구 ,7**,대,제1종일반주거지역,-,201903,8,356.9,51000, ,12,18201900.0
울산광역시 울주군,2**,전,제1종일반주거지역,-,201903,11,33.0,1666,지분,17,54978.0
울산광역시 북구 ,*,답,제2종일반주거지역,-,201903,11,157.0,28870,지분,12,4532590.0
울산광역시 울주군,2**,답,제2종일반주거지역,-,201903,11,471.0,37500, ,17,17662500.0
울산광역시 울주군,1***,대,제2종일반주거지역,12m미만,201903,11,264.5,41500, ,17,10976750.0
울산광역시 북구 ,*,전,제2종일반주거지역,-,201903,11,259.5,47728,지분,12,12385416.0
울산광역시 남구 ,6**,대,제2종일반주거지역,12m미만,201903,11,189.5,51765, ,11,9809467.5
울산광역시 북구 ,*,답,제2종일반주거지역,-,201903,11,314.0,57740,지분,12,18130360.0
울산광역시 남구 ,6**,도로,제2종일반주거지역,12m미만,201903,11,20.0,735, ,11,14700.0
울산광역시 북구 ,*,전,제2종일반주거지역,-,201903,11,519.0,95440,지분,12,49533360.0
울산광역시 남구 ,7**,대,제1종일반주거지역,-,201903,12,870.4,105000, ,12,91392000.0
울산광역시 북구 ,4**,전,제2종일반주거지역,25m미만,201903,12,81.0,14142,지분,12,1145502.0
울산광역시 울주군,산9*,임야,제1종일반주거지역,12m미만,201903,12,992.0,17500,지분,17,17360000.0
울산광역시 울주군,1**,대,제2종일반주거지역,12m미만,201903,12,289.2,42000, ,17,12146400.0
울산광역시 북구 ,4**,전,제2종일반주거지역,25m미만,201903,12,33.0,5759,지분,12,190047.0
울산광역시 북구 ,4**,답,제1종일반주거지역,8m미만,201903,12,35.0,6100,지분,12,213500.0
울산광역시 북구 ,1*,전,제2종일반주거지역,-,201903,13,778.0,111000, ,12,86358000.0
울산광역시 북구 ,4**,대,제1종일반주거지역,8m미만,201903,15,76.0,9200, ,12,699200.0
울산광역시 북구 ,9**,대,제2종일반주거지역,8m미만,201903,16,516.0,46000, ,12,23736000.0
울산광역시 울주군,9**,잡종지,제2종일반주거지역,8m미만,201903,17,43.0,3000, ,17,129000.0
울산광역시 북구 ,6**,도로,제2종일반주거지역,8m미만,201903,18,13.0,1000, ,12,13000.0
울산광역시 울주군,1**,전,제1종일반주거지역,8m미만,201903,18,33.0,1666,지분,17,54978.0
울산광역시 중구 ,3**,대,제2종일반주거지역,8m미만,201903,18,19.0,1919, ,12,36461.0
울산광역시 울주군,2**,전,제1종일반주거지역,-,201903,18,7.0,333,지분,17,2331.0
울산광역시 울주군,4**,전,제1종일반주거지역,-,201903,18,66.0,4116,지분,17,271656.0
울산광역시 울주군,1**,전,제1종일반주거지역,-,201903,18,99.0,4998,지분,17,494802.0
울산광역시 울주군,1***,도로,제2종일반주거지역,8m미만,201903,19,1.0,26, ,17,26.0
울산광역시 울주군,2**,도로,제2종일반주거지역,8m미만,201903,19,1.0,34, ,17,34.0
울산광역시 울주군,3**,도로,제2종일반주거지역,8m미만,201903,19,10.0,698, ,17,6980.0
울산광역시 울주군,1**,전,제1종일반주거지역,-,201903,19,165.0,8100, ,17,1336500.0
울산광역시 동구 ,2**,대,제2종일반주거지역,8m미만,201903,20,53.0,10000, ,12,530000.0
울산광역시 북구 ,3*,대,제2종일반주거지역,25m미만,201903,20,752.3,179330, ,12,134909959.0
울산광역시 북구 ,9**,대,제2종일반주거지역,-,201903,20,321.6,60000, ,12,19296000.0
울산광역시 울주군,5**,답,제1종일반주거지역,8m미만,201903,21,299.0,18000, ,17,5382000.0
울산광역시 남구 ,2**,대,제2종일반주거지역,8m미만,201903,21,188.0,49000, ,12,9212000.0
울산광역시 북구 ,4*,답,제2종일반주거지역,8m미만,201903,21,87.0,7700, ,12,669900.0
울산광역시 울주군,1**,전,제1종일반주거지역,-,201903,22,33.0,1666,지분,17,54978.0
울산광역시 울주군,1**,전,제1종일반주거지역,-,201903,22,66.0,3200,지분,17,211200.0
울산광역시 울주군,1**,답,제2종일반주거지역,12m미만,201903,24,397.0,49700, ,17,19730900.0
울산광역시 울주군,1**,전,제2종일반주거지역,12m미만,201903,24,56.0,7100, ,17,397600.0
울산광역시 울주군,6**,답,제2종일반주거지역,8m미만,201903,25,366.4,15879,지분,17,5818065.6
울산광역시 울주군,9**,답,제1종일반주거지역,-,201903,25,83.0,4900,지분,17,406700.0
울산광역시 울주군,4**,답,제2종일반주거지역,-,201903,25,1307.6,56667,지분,17,74097769.19999999
울산광역시 울주군,산9*,임야,제1종일반주거지역,12m미만,201903,25,330.25,6500,지분,17,2146625.0
울산광역시 울주군,4**,답,제2종일반주거지역,-,201903,25,172.0,7454,지분,17,1282088.0
울산광역시 북구 ,2**,전,제2종일반주거지역,8m미만,201903,25,207.0,8800, ,12,1821600.0
울산광역시 울주군,1***,답,제1종일반주거지역,-,201903,26,67.0,1340,지분,17,89780.0
울산광역시 울주군,1***,답,제1종일반주거지역,-,201903,26,138.0,3089, ,17,426282.0
울산광역시 울주군,1***,답,제1종일반주거지역,-,201903,26,165.0,3694, ,17,609510.0
울산광역시 울주군,1***,답,제1종일반주거지역,-,201903,26,165.0,3694, ,17,609510.0
울산광역시 울주군,1***,답,제1종일반주거지역,-,201903,26,165.0,3694, ,17,609510.0
울산광역시 울주군,1***,답,제1종일반주거지역,-,201903,26,165.0,3694, ,17,609510.0
울산광역시 울주군,1***,답,제1종일반주거지역,-,201903,26,165.0,3694, ,17,609510.0
울산광역시 울주군,1***,답,제1종일반주거지역,-,201903,26,165.0,3694, ,17,609510.0
울산광역시 울주군,1***,답,제1종일반주거지역,-,201903,26,165.0,3694, ,17,609510.0
울산광역시 울주군,1***,답,제1종일반주거지역,-,201903,26,165.0,3694, ,17,609510.0
울산광역시 울주군,1***,답,제1종일반주거지역,-,201903,26,165.0,3694, ,17,609510.0
울산광역시 울주군,1***,답,제1종일반주거지역,-,201903,26,165.0,3694, ,17,609510.0
울산광역시 울주군,1***,답,제1종일반주거지역,-,201903,26,165.0,3694, ,17,609510.0
울산광역시 울주군,1***,답,제1종일반주거지역,-,201903,26,165.0,3694, ,17,609510.0
울산광역시 울주군,1***,답,제1종일반주거지역,-,201903,26,165.0,3694, ,17,609510.0
울산광역시 울주군,1***,답,제1종일반주거지역,-,201903,26,165.0,3694, ,17,609510.0
울산광역시 울주군,1***,답,제1종일반주거지역,-,201903,26,165.0,3694, ,17,609510.0
울산광역시 울주군,1***,답,제1종일반주거지역,-,201903,26,211.0,4723, ,17,996553.0
울산광역시 울주군,1***,답,제1종일반주거지역,8m미만,201903,26,212.0,4745, ,17,1005940.0
울산광역시 울주군,1***,답,제1종일반주거지역,-,201903,26,297.0,6648, ,17,1974456.0
울산광역시 울주군,1**,유지,제1종일반주거지역,-,201903,26,33.0,660,지분,17,21780.0
울산광역시 울주군,1***,답,제1종일반주거지역,-,201903,26,331.0,7407, ,17,2451717.0
울산광역시 울주군,1***,답,제1종일반주거지역,-,201903,26,331.0,7407, ,17,2451717.0
울산광역시 울주군,1***,답,제1종일반주거지역,-,201903,26,331.0,7407, ,17,2451717.0
울산광역시 남구 ,4**,도로,제2종일반주거지역,8m미만,201903,26,8.0,700,지분,12,5600.0
울산광역시 남구 ,1***,대,제2종일반주거지역,8m미만,201903,27,6.0,1000, ,12,6000.0
울산광역시 울주군,1**,전,제1종일반주거지역,-,201903,27,33.0,1660,지분,17,54780.0
울산광역시 울주군,1**,전,제1종일반주거지역,-,201903,27,66.0,3000,지분,17,198000.0
울산광역시 남구 ,1***,도로,제2종일반주거지역,8m미만,201903,27,20.0,3500, ,12,70000.0
울산광역시 남구 ,1***,대,제2종일반주거지역,8m미만,201903,27,3.0,500, ,12,1500.0
울산광역시 울주군,2**,도로,제1종일반주거지역,8m미만,201903,28,37.0,120, ,17,4440.0
울산광역시 울주군,7**,대,제1종일반주거지역,8m미만,201903,28,453.0,26000, ,17,11778000.0
울산광역시 울주군,7**,임야,제1종일반주거지역,12m미만,201903,28,652.0,37000, ,17,24124000.0
울산광역시 울주군,7**,전,제1종일반주거지역,8m미만,201903,28,995.0,57000, ,17,56715000.0
울산광역시 울주군,3**,대,제1종일반주거지역,8m미만,201903,29,24.0,2100, ,17,50400.0
울산광역시 울주군,1***,답,제1종일반주거지역,-,201903,29,66.0,3720,지분,17,245520.0
울산광역시 울주군,1***,답,제1종일반주거지역,-,201903,29,99.0,5510,지분,17,545490.0
울산광역시 울주군,1***,답,제1종일반주거지역,-,201903,29,165.0,9300, ,17,1534500.0
울산광역시 중구 ,2**,도로,제2종일반주거지역,8m미만,201904,1,26.0,2000, ,12,52000.0
울산광역시 울주군,4**,답,제1종일반주거지역,-,201904,1,165.0,2917,지분,17,481305.0
울산광역시 울주군,4**,답,제1종일반주거지역,-,201904,1,33.0,583,지분,17,19239.0
울산광역시 울주군,4**,전,제2종일반주거지역,8m미만,201904,1,58.0,7200, ,17,417600.0
울산광역시 울주군,1**,전,제1종일반주거지역,-,201904,2,33.0,1666,지분,17,54978.0
울산광역시 울주군,2**,임야,제1종일반주거지역,8m미만,201904,2,66.0,2860,지분,17,188760.0
울산광역시 북구 ,1**,전,제3종일반주거지역,-,201904,2,449.0,36000, ,12,16164000.0
울산광역시 북구 ,2**,전,제2종일반주거지역,-,201904,2,279.0,36000, ,12,10044000.0
울산광역시 울주군,4**,전,제1종일반주거지역,-,201904,2,165.0,5389, ,17,889185.0
울산광역시 울주군,4**,전,제1종일반주거지역,8m미만,201904,2,165.0,6717, ,17,1108305.0
울산광역시 울주군,4**,전,제1종일반주거지역,8m미만,201904,2,165.0,6717, ,17,1108305.0
울산광역시 울주군,4**,전,제1종일반주거지역,-,201904,2,243.0,7936, ,17,1928448.0
울산광역시 울주군,산6*,임야,제1종일반주거지역,-,201904,2,17.0,735,지분,17,12495.0
울산광역시 남구 ,4**,답,제2종일반주거지역,8m미만,201904,5,7.67,1075,지분,12,8245.25
울산광역시 중구 ,3**,전,제2종일반주거지역,12m미만,201904,5,99.0,17000, ,12,1683000.0
울산광역시 울주군,8**,전,제2종일반주거지역,12m미만,201904,5,62.0,2525, ,17,156550.0
울산광역시 남구 ,4**,임야,제2종일반주거지역,8m미만,201904,5,23.33,2879,지분,12,67167.06999999999
울산광역시 남구 ,4**,임야,제2종일반주거지역,8m미만,201904,5,23.33,3271,지분,12,76312.43
울산광역시 남구 ,4**,답,제2종일반주거지역,-,201904,5,108.0,33000, ,12,3564000.0
울산광역시 중구 ,5**,대,제2종일반주거지역,12m미만,201904,5,220.3,45000, ,12,9913500.0
울산광역시 울주군,7**,전,제1종일반주거지역,8m미만,201904,5,341.0,5500, ,17,1875500.0
울산광역시 남구 ,4**,임야,제2종일반주거지역,8m미만,201904,5,4.67,576,지분,12,2689.92
울산광역시 남구 ,4**,임야,제2종일반주거지역,8m미만,201904,5,4.67,654,지분,12,3054.18
울산광역시 남구 ,4**,답,제2종일반주거지역,8m미만,201904,5,7.67,946,지분,12,7255.82
울산광역시 북구 ,9**,잡종지,제2종일반주거지역,8m미만,201904,7,67.0,8100, ,12,542700.0
울산광역시 북구 ,1***,대,제1종일반주거지역,-,201904,8,90.0,1000, ,12,90000.0
울산광역시 울주군,6**,답,제2종일반주거지역,-,201904,8,162.13,10000,지분,17,1621300.0
울산광역시 울주군,산1*,임야,제1종일반주거지역,-,201904,9,43.0,1911,지분,17,82173.0
울산광역시 울주군,9**,대,제2종일반주거지역,12m미만,201904,9,157.8,12000, ,17,1893600.0000000002
울산광역시 울주군,1**,대,제2종일반주거지역,25m미만,201904,9,162.0,20000,지분,17,3240000.0
울산광역시 남구 ,1**,대,제2종일반주거지역,25m미만,201904,9,751.4,238000, ,12,178833200.0
울산광역시 울주군,3**,답,제2종일반주거지역,12m미만,201904,10,55.0,13400, ,17,737000.0
울산광역시 남구 ,1***,창고용지,제2종일반주거지역,25m미만,201904,10,496.2,180000, ,11,89316000.0
울산광역시 남구 ,1***,대,제2종일반주거지역,25m미만,201904,10,527.2,200000, ,11,105440000.00000001
울산광역시 울주군,3**,답,제2종일반주거지역,12m미만,201904,10,169.0,27400, ,17,4630600.0
울산광역시 울주군,6*,대,제2종일반주거지역,12m미만,201904,10,59.0,4500, ,17,265500.0
울산광역시 울주군,5**,전,제1종일반주거지역,-,201904,11,122.0,1850, ,17,225700.0
울산광역시 울주군,2**,전,제1종일반주거지역,12m미만,201904,11,191.77,2300,지분,17,441071.0
울산광역시 중구 ,3**,대,제1종전용주거지역,12m미만,201904,11,290.2,45000, ,12,13059000.0
울산광역시 울주군,2**,답,제1종일반주거지역,8m미만,201904,11,678.0,8000,지분,17,5424000.0
울산광역시 울주군,1**,전,제1종일반주거지역,-,201904,12,33.0,1666,지분,17,54978.0
울산광역시 울주군,9**,답,제1종일반주거지역,-,201904,12,33.0,1960,지분,17,64680.0
울산광역시 울주군,1**,전,제1종일반주거지역,8m미만,201904,12,165.0,8500, ,17,1402500.0
울산광역시 북구 ,*,전,제2종일반주거지역,-,201904,12,496.0,82000, ,12,40672000.0
울산광역시 울주군,8*,도로,제2종일반주거지역,8m미만,201904,13,10.0,1000, ,17,10000.0
울산광역시 울주군,산3**,임야,제1종일반주거지역,12m미만,201904,13,15.56,153,지분,17,2380.6800000000003
울산광역시 울주군,산3**,임야,제1종일반주거지역,12m미만,201904,13,251.53,2479,지분,17,623542.87
울산광역시 울주군,산3**,임야,제1종일반주거지역,12m미만,201904,13,37.7,371,지분,17,13986.7
울산광역시 울주군,8*,대,제2종일반주거지역,8m미만,201904,13,265.0,63000, ,17,16695000.0
울산광역시 울주군,산3**,임야,제1종일반주거지역,12m미만,201904,13,9.77,96,지분,17,937.92
울산광역시 울주군,산3**,임야,제1종일반주거지역,12m미만,201904,15,99.26,1800,지분,17,178668.0
울산광역시 중구 ,1**,대,제1종전용주거지역,12m미만,201904,15,297.4,37000, ,12,11003800.0
울산광역시 울주군,7**,전,제2종일반주거지역,12m미만,201904,15,177.8,9275,지분,17,1649095.0
울산광역시 울주군,8**,전,제2종일반주거지역,8m미만,201904,17,437.0,15000, ,17,6555000.0
울산광역시 울주군,3**,전,제1종일반주거지역,-,201904,17,1874.0,34000, ,17,63716000.0
울산광역시 울주군,산3**,임야,제1종일반주거지역,12m미만,201904,17,347.44,6300,지분,17,2188872.0
울산광역시 울주군,산5*,임야,제1종일반주거지역,-,201904,18,974.0,10850,지분,17,10567900.0
울산광역시 울주군,5*,전,제1종일반주거지역,8m미만,201904,18,44.0,2124,지분,17,93456.0
울산광역시 울주군,5*,전,제1종일반주거지역,8m미만,201904,18,15.0,726,지분,17,10890.0
울산광역시 남구 ,4**,도로,제2종일반주거지역,8m미만,201904,19,8.0,203,지분,12,1624.0
울산광역시 울주군,5**,답,제1종일반주거지역,-,201904,22,166.0,10682, ,17,1773212.0
울산광역시 울주군,2**,전,제1종일반주거지역,-,201904,22,7.0,150,지분,17,1050.0
울산광역시 울주군,2**,전,제1종일반주거지역,-,201904,22,43.75,700,지분,17,30625.0
울산광역시 울주군,1**,전,제1종일반주거지역,8m미만,201904,24,33.0,1666,지분,17,54978.0
울산광역시 북구 ,4**,대,제2종일반주거지역,-,201904,24,571.0,120000, ,12,68520000.0
울산광역시 북구 ,1**,임야,제1종일반주거지역,8m미만,201904,26,241.0,1400, ,12,337400.0
울산광역시 울주군,1**,답,제2종일반주거지역,8m미만,201904,26,13.64,1937,지분,17,26420.68
울산광역시 울주군,9**,대,제2종일반주거지역,12m미만,201904,26,402.2,22000, ,17,8848400.0
울산광역시 울주군,8**,대,제2종일반주거지역,12m미만,201904,26,175.8,26000, ,17,4570800.0
울산광역시 중구 ,3**,대,제3종일반주거지역,12m미만,201904,26,19.0,3547, ,12,67393.0
울산광역시 울주군,4**,대,제2종일반주거지역,12m미만,201904,28,257.6,19600, ,17,5048960.0
울산광역시 동구 ,6**,도로,제2종일반주거지역,8m미만,201904,29,44.5,1350, ,12,60075.0
울산광역시 울주군,1***,대,제2종일반주거지역,8m미만,201904,29,187.6,16200, ,17,3039120.0
울산광역시 울주군,5*,대,제2종일반주거지역,12m미만,201904,29,157.0,28000, ,17,4396000.0
울산광역시 울주군,산*,임야,제1종일반주거지역,-,201904,30,2182.0,16200, ,17,35348400.0
울산광역시 울주군,2**,전,제1종일반주거지역,-,201904,30,651.0,17800, ,17,11587800.0
울산광역시 울주군,산8*,임야,제1종일반주거지역,-,201904,30,100.0,2310,지분,17,231000.0
울산광역시 울주군,1**,전,제1종일반주거지역,-,201904,30,99.0,4692,지분,17,464508.0
울산광역시 울주군,6**,답,제1종일반주거지역,8m미만,201905,1,820.0,16000, ,17,13120000.0
울산광역시 남구 ,1**,대,제2종일반주거지역,8m미만,201905,1,2.0,225,지분,12,450.0
울산광역시 중구 ,2**,대,제2종일반주거지역,8m미만,201905,1,197.7,32000, ,12,6326400.0
울산광역시 울주군,산1*,임야,제1종일반주거지역,-,201905,1,330.0,4500,지분,17,1485000.0
울산광역시 남구 ,6**,대,제2종일반주거지역,12m미만,201905,1,152.0,40000, ,12,6080000.0
울산광역시 울주군,2**,전,제1종일반주거지역,-,201905,2,33.0,1499,지분,17,49467.0
울산광역시 울주군,4**,답,제1종일반주거지역,-,201905,2,1342.0,32000, ,17,42944000.0
울산광역시 울주군,5*,대,제1종일반주거지역,8m미만,201905,3,25.0,1200,지분,17,30000.0
울산광역시 북구 ,산1**,임야,제2종일반주거지역,8m미만,201905,3,760.0,24100,지분,12,18316000.0
울산광역시 북구 ,1***,대,제1종일반주거지역,25m미만,201905,8,365.2,85000, ,12,31042000.0
울산광역시 울주군,2**,답,제2종일반주거지역,-,201905,9,161.0,32385, ,17,5213985.0
울산광역시 울주군,1**,답,제2종일반주거지역,-,201905,9,303.0,45735, ,17,13857705.0
울산광역시 울주군,2**,학교용지,제2종일반주거지역,-,201905,9,257.0,46794, ,17,12026058.0
울산광역시 울주군,2**,답,제2종일반주거지역,8m미만,201905,9,449.0,75086, ,17,33713614.0
울산광역시 울주군,산1*,임야,제1종일반주거지역,-,201905,10,67.49,2940,지분,17,198420.59999999998
울산광역시 울주군,5**,답,제1종일반주거지역,-,201905,10,132.0,4234, ,17,558888.0
울산광역시 울주군,5**,답,제1종일반주거지역,-,201905,10,133.0,4266, ,17,567378.0
울산광역시 울주군,산6*,임야,제1종일반주거지역,-,201905,10,17.0,735,지분,17,12495.0
울산광역시 남구 ,1**,도로,제2종일반주거지역,12m미만,201905,10,12.9,750, ,12,9675.0
울산광역시 울주군,1***,도로,제1종일반주거지역,8m미만,201905,11,31.0,200, ,17,6200.0
울산광역시 울주군,2**,도로,제1종일반주거지역,8m미만,201905,13,181.0,1100, ,17,199100.0
울산광역시 남구 ,1***,답,제2종일반주거지역,12m미만,201905,13,325.5,2000,지분,12,651000.0
울산광역시 울주군,9**,대,제2종일반주거지역,25m미만,201905,13,397.0,25000, ,17,9925000.0
울산광역시 울주군,3**,전,제1종일반주거지역,12m미만,201905,13,334.0,29000, ,17,9686000.0
울산광역시 울주군,2**,답,제1종일반주거지역,8m미만,201905,13,512.0,5900, ,17,3020800.0
울산광역시 울주군,2**,답,제1종일반주거지역,8m미만,201905,13,42.0,700, ,17,29400.0
울산광역시 울주군,1**,답,제2종일반주거지역,8m미만,201905,14,300.0,10550,지분,17,3165000.0
울산광역시 울주군,9**,대,제2종일반주거지역,12m미만,201905,14,95.1,4900, ,17,465990.0
울산광역시 울주군,9**,대,제2종일반주거지역,8m미만,201905,14,107.7,4900, ,17,527730.0
울산광역시 울주군,1***,답,제1종일반주거지역,-,201905,14,99.0,5550,지분,17,549450.0
울산광역시 북구 ,1**,전,제1종일반주거지역,25m미만,201905,15,753.0,113800, ,12,85691400.0
울산광역시 울주군,1***,답,제1종일반주거지역,-,201905,15,742.0,23510, ,17,17444420.0
울산광역시 울주군,1***,답,제1종일반주거지역,8m미만,201905,15,165.0,3750, ,17,618750.0
울산광역시 울주군,1***,답,제1종일반주거지역,-,201905,15,165.0,3750, ,17,618750.0
울산광역시 중구 ,8**,대,제1종전용주거지역,12m미만,201905,15,252.0,36000, ,12,9072000.0
울산광역시 울주군,1***,대,제1종일반주거지역,-,201905,15,1390.0,80490, ,17,111881100.0
울산광역시 울주군,3**,대,제2종일반주거지역,8m미만,201905,16,124.0,6000, ,17,744000.0
울산광역시 울주군,3**,임야,제3종일반주거지역,-,201905,17,661.5,10000,지분,17,6615000.0
울산광역시 중구 ,8**,대,제1종전용주거지역,12m미만,201905,17,153.75,17600,지분,12,2706000.0
울산광역시 울주군,3**,도로,제1종일반주거지역,8m미만,201905,18,76.0,3800, ,17,288800.0
울산광역시 중구 ,5**,도로,제3종일반주거지역,-,201905,20,10.0,1382, ,12,13820.0
울산광역시 울주군,1**,전,제1종일반주거지역,-,201905,20,33.0,1666,지분,17,54978.0
울산광역시 울주군,산3**,임야,제1종일반주거지역,12m미만,201905,20,152.28,2760,지분,17,420292.8
울산광역시 남구 ,4**,도로,제2종일반주거지역,12m미만,201905,20,24.0,450,지분,12,10800.0
울산광역시 북구 ,1**,전,제1종일반주거지역,25m미만,201905,20,794.0,83000, ,12,65902000.0
울산광역시 울주군,1***,하천,제2종일반주거지역,-,201905,21,71.0,1089, ,17,77319.0
울산광역시 울주군,2**,전,제1종일반주거지역,-,201905,21,59.0,1180,지분,17,69620.0
울산광역시 울주군,1***,하천,제2종일반주거지역,-,201905,21,185.0,2838, ,17,525030.0
울산광역시 울주군,1**,전,제1종일반주거지역,-,201905,21,165.0,3218, ,17,530970.0
울산광역시 울주군,4**,답,제1종일반주거지역,-,201905,21,265.0,4480,지분,17,1187200.0
울산광역시 울주군,4**,전,제1종일반주거지역,-,201905,21,33.0,644,지분,17,21252.0
울산광역시 울주군,1**,전,제1종일반주거지역,-,201905,21,33.0,644,지분,17,21252.0
울산광역시 울주군,1**,전,제1종일반주거지역,8m미만,201905,21,44.0,858,지분,17,37752.0
울산광역시 울주군,2**,전,제1종일반주거지역,-,201905,21,44.0,858,지분,17,37752.0
울산광역시 울주군,1***,공장용지,제1종일반주거지역,8m미만,201905,22,406.0,18940, ,17,7689640.0
울산광역시 울주군,1***,공장용지,제1종일반주거지역,8m미만,201905,22,504.0,23512, ,17,11850048.0
울산광역시 울주군,2**,답,제1종일반주거지역,8m미만,201905,23,258.0,2700,지분,17,696600.0
울산광역시 북구 ,1***,대,제1종일반주거지역,12m미만,201905,23,348.5,51800, ,12,18052300.0
울산광역시 울주군,7**,도로,제2종일반주거지역,8m미만,201905,23,71.0,6000, ,17,426000.0
울산광역시 울주군,7**,도로,제2종일반주거지역,8m미만,201905,23,70.0,6000, ,17,420000.0
울산광역시 울주군,2**,전,제1종일반주거지역,12m미만,201905,23,40.61,900,지분,17,36549.0
울산광역시 울주군,1**,전,제1종일반주거지역,-,201905,24,66.0,3332,지분,17,219912.0
울산광역시 울주군,산5*,임야,제1종일반주거지역,-,201905,24,248.0,4500,지분,17,1116000.0
울산광역시 울주군,산5*,임야,제1종일반주거지역,-,201905,24,33.0,600,지분,17,19800.0
울산광역시 중구 ,5**,대,제2종일반주거지역,12m미만,201905,25,185.0,25000, ,12,4625000.0
울산광역시 중구 ,8**,대,제2종일반주거지역,12m미만,201905,25,187.7,28500, ,12,5349450.0
울산광역시 울주군,산5*,임야,제1종일반주거지역,-,201905,25,166.0,3200,지분,17,531200.0
울산광역시 울주군,1**,답,제2종일반주거지역,-,201905,25,564.0,30600, ,17,17258400.0
울산광역시 울주군,산5*,임야,제1종일반주거지역,-,201905,25,361.0,6540,지분,17,2360940.0
울산광역시 북구 ,5**,과수원,제2종일반주거지역,-,201905,27,18.48,1240,지분,12,22915.2
울산광역시 울주군,2**,전,제1종일반주거지역,-,201905,27,36.0,1833,지분,17,65988.0
울산광역시 북구 ,5**,과수원,제2종일반주거지역,8m미만,201905,27,204.52,13760,지분,12,2814195.2
울산광역시 울주군,5**,답,제1종일반주거지역,-,201905,27,66.0,4273,지분,17,282018.0
울산광역시 북구 ,9**,도로,제1종일반주거지역,25m미만,201905,28,94.67,1130,지분,12,106977.1
울산광역시 울주군,5**,답,제1종일반주거지역,-,201905,28,30.0,1525,지분,17,45750.0
울산광역시 북구 ,8**,대,제1종일반주거지역,25m미만,201905,28,323.0,108000, ,12,34884000.0
울산광역시 북구 ,9**,전,제1종일반주거지역,8m미만,201905,28,230.0,11360, ,12,2612800.0
울산광역시 북구 ,9**,전,제1종일반주거지역,8m미만,201905,28,3.0,120, ,12,360.0
울산광역시 북구 ,9**,도로,제1종일반주거지역,25m미만,201905,28,2.0,30, ,12,60.0
울산광역시 울주군,산2*,임야,제1종일반주거지역,-,201905,28,497.0,6000,지분,17,2982000.0
울산광역시 울주군,5**,답,제1종일반주거지역,-,201905,28,133.0,6759, ,17,898947.0
울산광역시 울주군,5**,전,제1종일반주거지역,8m미만,201905,30,617.0,24000, ,17,14808000.0
울산광역시 중구 ,4**,도로,제3종일반주거지역,8m미만,201905,30,83.0,5100, ,12,423300.0
울산광역시 북구 ,9**,대,제2종일반주거지역,25m미만,201905,30,464.4,80000, ,12,37152000.0
울산광역시 울주군,산5*,임야,제1종일반주거지역,-,201905,31,166.0,3000,지분,17,498000.0
울산광역시 남구 ,1***,도로,제2종일반주거지역,8m미만,201905,31,40.0,3600, ,12,144000.0
울산광역시 울주군,산5*,임야,제1종일반주거지역,-,201905,31,430.0,8450,지분,17,3633500.0
울산광역시 울주군,6**,전,제1종일반주거지역,-,201905,31,405.0,8540, ,17,3458700.0
울산광역시 남구 ,7*,답,제1종일반주거지역,25m미만,201906,1,410.75,65500,지분,12,26904125.0
울산광역시 남구 ,7*,답,제1종일반주거지역,25m미만,201906,1,46.5,7500,지분,12,348750.0
울산광역시 울주군,1***,답,제1종일반주거지역,8m미만,201906,3,165.0,3750, ,17,618750.0
울산광역시 울주군,1***,답,제1종일반주거지역,-,201906,3,165.0,3750, ,17,618750.0
울산광역시 북구 ,1***,대,제1종일반주거지역,12m미만,201906,3,286.9,37315, ,12,10705673.5
울산광역시 울주군,산8*,임야,제1종일반주거지역,-,201906,3,364.25,4950,지분,17,1803037.5
울산광역시 울주군,1***,대,제1종일반주거지역,8m미만,201906,4,93.0,3348, ,17,311364.0
울산광역시 울주군,9**,답,제1종일반주거지역,-,201906,4,165.0,3920, ,17,646800.0
울산광역시 울주군,9**,답,제1종일반주거지역,8m미만,201906,4,151.0,3980, ,17,600980.0
울산광역시 울주군,산8*,임야,제1종일반주거지역,-,201906,4,364.25,6490,지분,17,2363982.5
울산광역시 울주군,5**,답,제1종일반주거지역,-,201906,5,66.0,4142,지분,17,273372.0
울산광역시 동구 ,6**,도로,제2종일반주거지역,8m미만,201906,7,24.1,1100,지분,12,26510.0
울산광역시 울주군,1**,전,제1종일반주거지역,8m미만,201906,7,44.0,2054,지분,17,90376.0
울산광역시 울주군,*,대,제3종일반주거지역,-,201906,7,580.9,56500, ,17,32820850.0
울산광역시 중구 ,4**,대,제2종일반주거지역,8m미만,201906,9,141.0,9440, ,12,1331040.0
울산광역시 울주군,1**,대,제2종일반주거지역,-,201906,10,8.5,1510,지분,17,12835.0
울산광역시 울주군,1**,도로,제2종일반주거지역,8m미만,201906,10,8.63,1530,지분,17,13203.900000000001
울산광역시 울주군,1**,대,제2종일반주거지역,12m미만,201906,10,1.0,178, ,17,178.0
울산광역시 울주군,1**,도로,제2종일반주거지역,8m미만,201906,10,15.0,2662,지분,17,39930.0
울산광역시 울주군,1**,도로,제2종일반주거지역,-,201906,10,16.5,2931,지분,17,48361.5
울산광역시 중구 ,1**,대,제2종일반주거지역,8m미만,201906,10,86.0,3000, ,11,258000.0
울산광역시 울주군,1**,대,제2종일반주거지역,-,201906,10,172.0,30558, ,17,5255976.0
울산광역시 울주군,산1*,임야,제2종일반주거지역,-,201906,10,244.54,4415,지분,17,1079644.0999999999
울산광역시 울주군,산1*,임야,제2종일반주거지역,-,201906,10,251.53,4585,지분,17,1153265.05
울산광역시 울주군,1**,대,제2종일반주거지역,-,201906,10,28.0,4968,지분,17,139104.0
울산광역시 울주군,1**,대,제2종일반주거지역,8m미만,201906,10,32.5,5774,지분,17,187655.0
울산광역시 울주군,1**,대,제2종일반주거지역,-,201906,10,37.0,6573,지분,17,243201.0
울산광역시 울주군,1**,대,제2종일반주거지역,-,201906,10,5.0,888,지분,17,4440.0
울산광역시 울주군,1***,전,제1종일반주거지역,-,201906,12,235.0,10650, ,17,2502750.0
울산광역시 울주군,1*,전,제2종일반주거지역,-,201906,12,331.0,16600, ,17,5494600.0
울산광역시 북구 ,3**,도로,제2종일반주거지역,8m미만,201906,13,108.0,1500, ,12,162000.0
울산광역시 울주군,1***,답,제1종일반주거지역,8m미만,201906,13,66.0,1750,지분,17,115500.0
울산광역시 울주군,1***,답,제1종일반주거지역,8m미만,201906,13,66.0,3430,지분,17,226380.0
울산광역시 북구 ,3**,도로,제2종일반주거지역,8m미만,201906,13,53.0,700, ,12,37100.0
울산광역시 울주군,산1*,임야,제1종일반주거지역,-,201906,14,141.68,1764,지분,17,249923.52000000002
울산광역시 북구 ,1***,대,제1종일반주거지역,25m이상,201906,14,660.0,110000, ,12,72600000.0
울산광역시 울주군,7**,도로,제2종일반주거지역,8m미만,201906,14,28.0,2000, ,17,56000.0
울산광역시 울주군,산2*,임야,제1종일반주거지역,-,201906,14,662.0,8000,지분,17,5296000.0
울산광역시 북구 ,2**,대,제3종일반주거지역,-,201906,17,202.0,1000, ,12,202000.0
울산광역시 북구 ,2**,대,제3종일반주거지역,-,201906,17,20.0,17000, ,12,340000.0
울산광역시 울주군,1***,답,제1종일반주거지역,-,201906,18,66.0,3430,지분,17,226380.0
울산광역시 중구 ,5**,대,제2종일반주거지역,25m미만,201906,18,283.4,65515, ,12,18566951.0
울산광역시 울주군,1**,전,제1종일반주거지역,-,201906,18,165.0,8000, ,17,1320000.0
울산광역시 울주군,1***,답,제1종일반주거지역,8m미만,201906,18,165.0,8575, ,17,1414875.0
울산광역시 울주군,9**,답,제1종일반주거지역,-,201906,19,33.0,1300,지분,17,42900.0
울산광역시 울주군,8**,잡종지,제1종일반주거지역,8m미만,201906,19,12.0,115, ,17,1380.0
울산광역시 울주군,8**,잡종지,제1종일반주거지역,8m미만,201906,19,2.0,20, ,17,40.0
울산광역시 울주군,1**,답,제2종일반주거지역,8m미만,201906,19,18.18,6600,지분,17,119988.0
울산광역시 울주군,8**,임야,제1종일반주거지역,8m미만,201906,19,11.0,85, ,17,935.0
울산광역시 울주군,1***,답,제1종일반주거지역,8m미만,201906,20,66.0,3700,지분,17,244200.0
울산광역시 북구 ,3*,답,제2종일반주거지역,12m미만,201906,21,591.1,108580, ,12,64181638.0
울산광역시 북구 ,2**,대,제1종일반주거지역,8m미만,201906,21,393.0,38500, ,12,15130500.0
울산광역시 울주군,산2*,임야,제1종일반주거지역,-,201906,22,662.0,10234,지분,17,6774908.0
울산광역시 울주군,8**,전,제1종일반주거지역,8m미만,201906,22,172.0,3380, ,17,581360.0
울산광역시 울주군,산2*,임야,제1종일반주거지역,-,201906,22,497.0,9016,지분,17,4480952.0
울산광역시 중구 ,3**,전,제2종일반주거지역,8m미만,201906,23,20.0,1400, ,12,28000.0
울산광역시 중구 ,3**,도로,제2종일반주거지역,8m미만,201906,23,16.0,600,지분,12,9600.0
울산광역시 중구 ,3**,대,제2종일반주거지역,12m미만,201906,23,460.0,61000, ,12,28060000.0
울산광역시 중구 ,2**,대,제2종일반주거지역,25m미만,201906,24,12.7,1720, ,12,21844.0
울산광역시 울주군,9**,전,제1종일반주거지역,-,201906,24,565.75,10000,지분,17,5657500.0
울산광역시 울주군,9**,전,제1종일반주거지역,-,201906,24,848.63,15000,지분,17,12729450.0
울산광역시 울주군,9**,전,제1종일반주거지역,8m미만,201906,24,816.0,16000,지분,17,13056000.0
울산광역시 중구 ,2**,대,제2종일반주거지역,25m미만,201906,24,1.2,163, ,12,195.6
울산광역시 중구 ,2**,대,제2종일반주거지역,25m미만,201906,24,16.1,2180, ,12,35098.0
울산광역시 울주군,9**,전,제1종일반주거지역,8m미만,201906,24,1224.0,23000,지분,17,28152000.0
울산광역시 중구 ,3**,대,제1종전용주거지역,12m미만,201906,24,246.5,31500, ,12,7764750.0
울산광역시 중구 ,2**,대,제2종일반주거지역,25m미만,201906,24,52.2,7070, ,12,369054.0
울산광역시 중구 ,2**,도로,제2종일반주거지역,25m미만,201906,24,6.8,921, ,12,6262.8
울산광역시 울주군,산*,임야,제2종일반주거지역,12m미만,201906,25,113.0,1469, ,17,165997.0
울산광역시 울주군,2**,하천,제2종일반주거지역,8m미만,201906,25,10.0,131, ,17,1310.0
울산광역시 울주군,7**,전,제1종일반주거지역,8m미만,201906,25,110.5,2500,지분,17,276250.0
울산광역시 울주군,1**,전,제2종일반주거지역,-,201906,25,446.0,24000, ,17,10704000.0
울산광역시 울주군,2**,도로,제2종일반주거지역,8m미만,201906,25,103.0,9564, ,17,985092.0
울산광역시 중구 ,9**,도로,제2종일반주거지역,25m미만,201906,26,7.0,1022, ,12,7154.0
울산광역시 중구 ,9**,도로,제2종일반주거지역,25m미만,201906,26,8.0,1168, ,12,9344.0
울산광역시 중구 ,9**,도로,제2종일반주거지역,25m미만,201906,26,11.0,1606, ,12,17666.0
울산광역시 중구 ,9**,도로,제2종일반주거지역,25m미만,201906,26,33.0,4818, ,12,158994.0
울산광역시 중구 ,9**,도로,제2종일반주거지역,-,201906,26,35.0,5110, ,12,178850.0
울산광역시 중구 ,9**,도로,제2종일반주거지역,25m미만,201906,26,66.0,9636, ,12,635976.0
울산광역시 울주군,1***,답,제1종일반주거지역,12m미만,201906,26,1681.0,94000, ,17,158014000.0
울산광역시 울주군,6*,도로,제1종일반주거지역,8m미만,201906,27,74.5,1005,지분,17,74872.5
울산광역시 울주군,6*,도로,제1종일반주거지역,8m미만,201906,27,74.5,1125,지분,17,83812.5
울산광역시 북구 ,2**,전,제2종일반주거지역,8m미만,201906,27,229.0,32330, ,12,7403570.0
울산광역시 울주군,산8*,임야,제1종일반주거지역,8m미만,201906,27,330.0,5000, ,17,1650000.0
울산광역시 울주군,6*,과수원,제1종일반주거지역,8m미만,201906,27,26.0,624,지분,17,16224.0
울산광역시 울주군,산1*,임야,제1종일반주거지역,-,201906,28,70.84,1365,지분,17,96696.6
울산광역시 북구 ,6**,대,제2종일반주거지역,8m미만,201906,28,12.0,1650, ,12,19800.0
울산광역시 동구 ,6**,도로,제2종일반주거지역,8m미만,201906,28,42.9,2500, ,12,107250.0
울산광역시 울주군,2**,전,제1종일반주거지역,8m미만,201906,28,129.0,3100, ,17,399900.0
울산광역시 북구 ,6**,대,제2종일반주거지역,8m미만,201906,28,28.0,3850, ,12,107800.0
울산광역시 북구 ,9**,대,제2종일반주거지역,12m미만,201906,28,262.4,44000, ,12,11545599.999999998
울산광역시 동구 ,1**,전,제2종일반주거지역,12m미만,201906,28,384.0,69696, ,12,26763264.0
울산광역시 울주군,산1*,임야,제1종일반주거지역,-,201907,1,70.84,1365,지분,17,96696.6
울산광역시 울주군,5**,답,제2종일반주거지역,-,201907,1,165.0,10192, ,17,1681680.0
울산광역시 울주군,5**,대,제2종일반주거지역,-,201907,1,99.0,13500, ,17,1336500.0
울산광역시 울주군,6*,대,제1종일반주거지역,8m미만,201907,1,81.0,2195,지분,17,177795.0
울산광역시 울주군,산3**,임야,제1종일반주거지역,-,201907,1,66.0,2391,지분,17,157806.0
울산광역시 울주군,산3**,임야,제1종일반주거지역,-,201907,1,166.0,5978,지분,17,992348.0
울산광역시 울주군,산3**,임야,제1종일반주거지역,-,201907,1,662.0,9500,지분,17,6289000.0
울산광역시 울주군,산3**,임야,제1종일반주거지역,-,201907,1,264.0,9565,지분,17,2525160.0
울산광역시 울주군,5**,전,제2종일반주거지역,-,201907,1,731.0,99450, ,17,72697950.0
울산광역시 울주군,5**,묘지,제2종일반주거지역,8m미만,201907,2,35.73,1820,지분,16,65028.59999999999
울산광역시 울주군,5**,묘지,제2종일반주거지역,-,201907,2,47.6,1930,지분,16,91868.0
울산광역시 북구 ,2**,전,제2종일반주거지역,8m미만,201907,2,40.0,13500, ,12,540000.0
울산광역시 울주군,4**,답,제1종일반주거지역,-,201907,2,165.0,3000,지분,17,495000.0
울산광역시 울주군,4**,답,제1종일반주거지역,-,201907,2,198.0,3600,지분,17,712800.0
울산광역시 북구 ,2**,전,제2종일반주거지역,8m미만,201907,2,229.0,31000, ,12,7099000.0
울산광역시 울주군,4**,답,제1종일반주거지역,-,201907,2,331.0,6000, ,17,1986000.0
울산광역시 북구 ,3**,전,제2종일반주거지역,25m이상,201907,2,2.0,600, ,12,1200.0
울산광역시 울주군,산2*,임야,제1종일반주거지역,-,201907,5,332.0,4200,지분,17,1394400.0
울산광역시 울주군,산2*,임야,제1종일반주거지역,-,201907,5,337.0,4242,지분,17,1429554.0
울산광역시 북구 ,2**,전,제2종일반주거지역,8m미만,201907,5,244.0,40500, ,12,9882000.0
울산광역시 울주군,9**,대,제2종일반주거지역,8m미만,201907,6,133.7,6300, ,17,842309.9999999999
울산광역시 울주군,9**,대,제2종일반주거지역,12m미만,201907,6,130.4,6700, ,17,873680.0
울산광역시 중구 ,1**,전,제3종일반주거지역,8m미만,201907,8,1.0,170, ,12,170.0
울산광역시 울주군,2**,과수원,제2종일반주거지역,-,201907,8,1.33,39,지분,17,51.870000000000005
울산광역시 울주군,2**,과수원,제2종일반주거지역,-,201907,8,220.0,6365,지분,17,1400300.0
울산광역시 남구 ,8*,과수원,제1종일반주거지역,25m미만,201907,8,86.5,6500,지분,12,562250.0
울산광역시 남구 ,8*,과수원,제1종일반주거지역,8m미만,201907,8,1016.5,76875,지분,12,78143437.5
울산광역시 울주군,2**,과수원,제2종일반주거지역,-,201907,8,3.33,96,지분,17,319.68
울산광역시 울주군,3**,대,제1종일반주거지역,8m미만,201907,9,142.0,12916, ,17,1834072.0
울산광역시 울주군,3**,대,제1종일반주거지역,8m미만,201907,9,145.0,13189, ,17,1912405.0
울산광역시 울주군,3**,대,제1종일반주거지역,8m미만,201907,9,89.0,8095, ,17,720455.0
울산광역시 중구 ,5**,답,제2종일반주거지역,12m미만,201907,10,24.0,10248, ,12,245952.0
울산광역시 남구 ,4**,대,제2종일반주거지역,8m미만,201907,10,12.0,3600, ,12,43200.0
울산광역시 중구 ,9**,대,제1종전용주거지역,12m미만,201907,10,317.0,37000, ,12,11729000.0
울산광역시 북구 ,7**,대,제2종일반주거지역,-,201907,10,656.0,63000, ,12,41328000.0
울산광역시 중구 ,4*,대,제2종일반주거지역,8m미만,201907,11,39.62,2179,지분,12,86331.98
울산광역시 울주군,8**,전,제2종일반주거지역,12m미만,201907,12,210.0,10800, ,17,2268000.0
울산광역시 울주군,1**,답,제2종일반주거지역,8m미만,201907,12,828.0,151400, ,17,125359200.0
울산광역시 울주군,6**,전,제1종일반주거지역,-,201907,12,165.0,3500, ,17,577500.0
울산광역시 울주군,6**,전,제1종일반주거지역,-,201907,12,198.0,4200, ,17,831600.0
울산광역시 울주군,1**,전,제2종일반주거지역,8m미만,201907,12,375.0,68600, ,17,25725000.0
울산광역시 울주군,6**,전,제1종일반주거지역,8m미만,201907,12,330.0,7000, ,17,2310000.0
울산광역시 울주군,산4*,임야,제1종일반주거지역,-,201907,15,165.0,1750, ,17,288750.0
울산광역시 울주군,산4*,임야,제1종일반주거지역,-,201907,15,165.0,1750, ,17,288750.0
울산광역시 울주군,산4*,임야,제1종일반주거지역,-,201907,15,165.0,1750, ,17,288750.0
울산광역시 울주군,산4*,임야,제1종일반주거지역,-,201907,15,165.0,1750, ,17,288750.0
울산광역시 동구 ,6**,대,제2종일반주거지역,12m미만,201907,16,100.0,15000, ,12,1500000.0
울산광역시 동구 ,6**,대,제2종일반주거지역,12m미만,201907,16,110.0,16000, ,12,1760000.0
울산광역시 울주군,1***,대,제2종일반주거지역,12m미만,201907,16,332.0,40000, ,17,13280000.0
울산광역시 중구 ,1**,도로,제3종일반주거지역,25m이상,201907,17,44.0,12571, ,12,553124.0
울산광역시 중구 ,1**,도로,제3종일반주거지역,-,201907,17,1.0,273, ,12,273.0
울산광역시 울주군,6**,답,제1종일반주거지역,12m미만,201907,17,328.0,8625, ,17,2829000.0
울산광역시 울주군,4**,답,제1종일반주거지역,-,201907,19,331.0,11214, ,17,3711834.0
울산광역시 울주군,4**,답,제1종일반주거지역,-,201907,19,331.0,11214, ,17,3711834.0
울산광역시 울주군,1***,답,제1종일반주거지역,8m미만,201907,19,600.0,11300, ,17,6780000.0
울산광역시 울주군,1***,답,제1종일반주거지역,8m미만,201907,19,102.0,2000, ,17,204000.0
울산광역시 울주군,4**,답,제1종일반주거지역,-,201907,19,165.0,5590, ,17,922350.0
울산광역시 울주군,4**,답,제1종일반주거지역,-,201907,19,198.0,6708, ,17,1328184.0
울산광역시 울주군,4**,답,제1종일반주거지역,-,201907,19,198.0,6708, ,17,1328184.0
울산광역시 울주군,4**,답,제1종일반주거지역,-,201907,19,198.0,6708, ,17,1328184.0
울산광역시 울주군,4**,답,제1종일반주거지역,-,201907,19,232.0,7860, ,17,1823520.0
울산광역시 울주군,산3**,임야,제1종일반주거지역,12m미만,201907,22,33.0,1470,지분,17,48510.0
울산광역시 북구 ,2**,답,제2종일반주거지역,-,201907,22,659.0,110000, ,12,72490000.0
울산광역시 남구 ,9**,대,제3종일반주거지역,8m미만,201907,22,91.0,16300, ,12,1483300.0
울산광역시 북구 ,5**,전,제2종일반주거지역,8m미만,201907,22,3.12,200,지분,12,624.0
울산광역시 북구 ,5**,전,제2종일반주거지역,8m미만,201907,22,1.56,50,지분,12,78.0
울산광역시 북구 ,2**,답,제2종일반주거지역,-,201907,22,45.7,7250,지분,12,331325.0
울산광역시 북구 ,2**,답,제2종일반주거지역,-,201907,22,49.3,7750,지분,12,382075.0
울산광역시 북구 ,5**,전,제2종일반주거지역,8m미만,201907,22,4.62,750,지분,12,3465.0
울산광역시 남구 ,4**,도로,제2종일반주거지역,8m미만,201907,23,23.0,560, ,12,12880.0
울산광역시 울주군,산2*,임야,제1종일반주거지역,-,201907,23,334.0,6400,지분,17,2137600.0
울산광역시 중구 ,1**,대,제2종일반주거지역,8m미만,201907,25,16.0,1509, ,11,24144.0
울산광역시 중구 ,4**,대,제3종일반주거지역,-,201907,25,5.0,1567, ,12,7835.0
울산광역시 북구 ,2**,전,제1종일반주거지역,25m미만,201907,25,1362.0,100000, ,12,136200000.0
울산광역시 북구 ,2**,전,제1종일반주거지역,-,201907,25,1709.0,82700, ,12,141334300.0
울산광역시 울주군,6**,답,제1종일반주거지역,8m미만,201907,26,334.0,12800, ,17,4275200.0
울산광역시 울주군,6**,답,제1종일반주거지역,8m미만,201907,26,165.0,6300, ,17,1039500.0
울산광역시 울주군,6**,답,제1종일반주거지역,8m미만,201907,26,232.0,8900, ,17,2064800.0
울산광역시 울주군,5**,전,제2종일반주거지역,-,201907,27,123.0,17000, ,17,2091000.0
울산광역시 울주군,5**,전,제2종일반주거지역,-,201907,27,121.0,17000, ,17,2057000.0
울산광역시 남구 ,9**,도로,제2종일반주거지역,8m미만,201907,28,5.0,210, ,12,1050.0
울산광역시 울주군,3*,대,제2종일반주거지역,8m미만,201907,29,6.52,1000,지분,17,6520.0
울산광역시 울주군,3*,대,제2종일반주거지역,12m미만,201907,29,14.0,1236, ,17,17304.0
울산광역시 울주군,3*,전,제2종일반주거지역,8m미만,201907,29,8.0,658,지분,17,5264.0
울산광역시 중구 ,4**,답,제2종일반주거지역,12m미만,201907,31,2.0,236, ,12,472.0
울산광역시 중구 ,4**,답,제2종일반주거지역,8m미만,201907,31,6.0,708, ,12,4248.0
울산광역시 중구 ,4**,답,제2종일반주거지역,12m미만,201907,31,73.0,8616, ,12,628968.0
울산광역시 울주군,6**,도로,제2종일반주거지역,8m미만,201908,1,166.5,2000,지분,17,333000.0
울산광역시 중구 ,1**,전,제3종일반주거지역,8m미만,201908,1,41.0,3000, ,12,123000.0
울산광역시 북구 ,8**,답,제2종일반주거지역,-,201908,2,503.0,48750,지분,12,24521250.0
울산광역시 울주군,4**,대,제1종일반주거지역,8m미만,201908,5,8.5,500,지분,17,4250.0
울산광역시 남구 ,4**,대,제2종일반주거지역,-,201908,5,1.67,731,지분,12,1220.77
울산광역시 남구 ,4**,대,제2종일반주거지역,8m미만,201908,5,1.67,869,지분,12,1451.23
울산광역시 중구 ,4**,대,제3종일반주거지역,12m미만,201908,5,3.0,960, ,12,2880.0
울산광역시 울주군,2**,대,제2종일반주거지역,8m미만,201908,6,83.0,12061, ,17,1001063.0
울산광역시 울주군,6**,전,제1종일반주거지역,-,201908,6,506.0,12240, ,17,6193440.0
울산광역시 북구 ,5**,대,제2종일반주거지역,8m미만,201908,6,90.0,15000, ,12,1350000.0
울산광역시 북구 ,5**,대,제2종일반주거지역,-,201908,6,124.0,3500, ,12,434000.0
울산광역시 울주군,산2*,임야,제1종일반주거지역,-,201908,7,33.0,1000,지분,17,33000.0
울산광역시 울주군,1***,답,제1종일반주거지역,8m미만,201908,7,998.0,31680, ,17,31616640.0
울산광역시 동구 ,8**,대,제2종일반주거지역,12m미만,201908,7,159.4,34000, ,12,5419600.0
울산광역시 동구 ,8**,대,제2종일반주거지역,25m미만,201908,7,159.3,34000, ,12,5416200.0
울산광역시 중구 ,1**,전,제2종일반주거지역,8m미만,201908,7,4.14,348,지분,12,1440.7199999999998
울산광역시 중구 ,1**,전,제2종일반주거지역,8m미만,201908,7,6.58,552,지분,12,3632.16
울산광역시 울주군,1**,임야,제2종일반주거지역,-,201908,8,321.0,15550, ,17,4991550.0
울산광역시 울주군,8**,도로,제2종일반주거지역,8m미만,201908,8,30.0,2000, ,17,60000.0
울산광역시 남구 ,1**,대,제2종일반주거지역,12m미만,201908,8,1028.0,281000, ,12,288868000.0
울산광역시 남구 ,1**,도로,제2종일반주거지역,12m미만,201908,8,95.0,4000, ,12,380000.0
울산광역시 중구 ,1**,도로,제2종일반주거지역,12m미만,201908,9,54.2,2000, ,12,108400.0
울산광역시 남구 ,4**,잡종지,제2종일반주거지역,8m미만,201908,9,17.88,3000,지분,12,53640.0
울산광역시 중구 ,1**,임야,제2종일반주거지역,8m미만,201908,9,74.0,5200, ,12,384800.0
울산광역시 울주군,산8*,임야,제1종일반주거지역,-,201908,10,330.0,3300,지분,17,1089000.0
울산광역시 중구 ,3**,대,제2종일반주거지역,-,201908,13,9.2,2190,지분,12,20148.0
울산광역시 중구 ,3**,대,제2종일반주거지역,8m미만,201908,13,11.8,2810,지분,12,33158.0
울산광역시 동구 ,산1**,임야,제3종일반주거지역,-,201908,14,124.67,15000,지분,12,1870050.0
울산광역시 동구 ,산1**,임야,제3종일반주거지역,-,201908,14,1064.93,70000,지분,12,74545100.0
울산광역시 울주군,1***,대,제2종일반주거지역,25m미만,201908,15,271.6,53400, ,17,14503440.000000002
울산광역시 북구 ,8*,답,제1종일반주거지역,25m미만,201908,16,349.75,15000,지분,12,5246250.0
울산광역시 울주군,4**,답,제1종일반주거지역,-,201908,20,331.0,19000, ,17,6289000.0
울산광역시 울주군,4**,답,제1종일반주거지역,-,201908,20,331.0,19000, ,17,6289000.0
울산광역시 울주군,산*,임야,제1종일반주거지역,-,201908,20,330.0,2450, ,17,808500.0
울산광역시 울주군,산7*,임야,제1종일반주거지역,12m미만,201908,22,661.0,10400,지분,17,6874400.0
울산광역시 울주군,산2*,임야,제1종일반주거지역,-,201908,23,330.0,5290,지분,17,1745700.0
울산광역시 울주군,산7*,임야,제1종일반주거지역,-,201908,24,495.0,6000,지분,17,2970000.0
울산광역시 울주군,1**,종교용지,제1종일반주거지역,-,201908,26,75.0,1100, ,17,82500.0
울산광역시 울주군,3**,대,제1종일반주거지역,8m미만,201908,27,17.2,400,지분,17,6880.0
울산광역시 울주군,산2*,임야,제1종일반주거지역,-,201908,27,495.0,7500,지분,17,3712500.0
울산광역시 동구 ,7**,대,제1종일반주거지역,8m미만,201908,28,126.0,14616, ,12,1841616.0
울산광역시 남구 ,2**,잡종지,제1종일반주거지역,25m이상,201908,28,268.0,28944, ,12,7756992.0
울산광역시 북구 ,1***,대,제1종일반주거지역,12m미만,201908,28,275.3,33750, ,12,9291375.0
울산광역시 북구 ,1***,대,제1종일반주거지역,12m미만,201908,28,275.3,33750, ,12,9291375.0
울산광역시 울주군,4**,답,제1종일반주거지역,-,201908,30,66.0,4000,지분,17,264000.0
울산광역시 동구 ,2**,대,제3종일반주거지역,8m미만,201908,30,9.0,948, ,12,8532.0
