"가구주연령별(1)","가계지출항목별(1)",가계지출항목별(2),2017,2018
"가구주연령별(1)","가계지출항목별(1)",가계지출항목별(2),전체가구,전체가구
"전체 평균","가계지출 (원)",소계,3316143,3326764
"전체 평균","소비지출 (원)",소계,2556823,2537641
"전체 평균","01.식료품 · 비주류음료 (원)",소계,360273,366672
"전체 평균","01.식료품 · 비주류음료 (원)",곡물 (원),16292,19679
"전체 평균","01.식료품 · 비주류음료 (원)",곡물가공품 (원),16289,16916
"전체 평균","01.식료품 · 비주류음료 (원)",빵및떡류 (원),22533,23305
"전체 평균","01.식료품 · 비주류음료 (원)",육류 (원),54831,55309
"전체 평균","01.식료품 · 비주류음료 (원)",육류가공품 (원),11138,11606
"전체 평균","01.식료품 · 비주류음료 (원)",신선수산동물 (원),22891,22609
"전체 평균","01.식료품 · 비주류음료 (원)",염건수산동물 (원),8103,7603
"전체 평균","01.식료품 · 비주류음료 (원)",기타수산동물가공 (원),7847,7369
"전체 평균","01.식료품 · 비주류음료 (원)",유제품및알 (원),27427,26384
"전체 평균","01.식료품 · 비주류음료 (원)",유지류 (원),3012,2931
"전체 평균","01.식료품 · 비주류음료 (원)",과일및과일가공품 (원),44259,45049
"전체 평균","01.식료품 · 비주류음료 (원)",채소및채소가공품 (원),40849,39473
"전체 평균","01.식료품 · 비주류음료 (원)",해조및해조가공품 (원),4486,4334
"전체 평균","01.식료품 · 비주류음료 (원)",당류및과자류 (원),26141,26122
"전체 평균","01.식료품 · 비주류음료 (원)",조미식품 (원),14050,15216
"전체 평균","01.식료품 · 비주류음료 (원)",기타식품 (원),17968,19950
"전체 평균","01.식료품 · 비주류음료 (원)",커피및차 (원),8437,8499
"전체 평균","01.식료품 · 비주류음료 (원)",쥬스및기타음료 (원),13720,14318
"전체 평균","02.주류 · 담배 (원)",소계,34813,35028
"전체 평균","02.주류 · 담배 (원)",주류 (원),15115,15092
"전체 평균","02.주류 · 담배 (원)",담배 (원),19698,19936
"전체 평균","03.의류 · 신발 (원)",소계,159018,152206
"전체 평균","03.의류 · 신발 (원)",직물및외의 (원),116842,111347
"전체 평균","03.의류 · 신발 (원)",내의 (원),8634,8358
"전체 평균","03.의류 · 신발 (원)",기타의복 (원),6842,6201
"전체 평균","03.의류 · 신발 (원)",의복관련서비스 (원),4831,4390
"전체 평균","03.의류 · 신발 (원)",신발 (원),21599,21680
"전체 평균","03.의류 · 신발 (원)",신발서비스 (원),270,230
"전체 평균","04.주거 · 수도 · 광열 (원)",소계,282999,285461
"전체 평균","04.주거 · 수도 · 광열 (원)",실제주거비 (원),104618,106642
"전체 평균","04.주거 · 수도 · 광열 (원)",주택유지및수선 (원),25070,23073
"전체 평균","04.주거 · 수도 · 광열 (원)",상하수도및폐기물처리 (원),19896,20435
"전체 평균","04.주거 · 수도 · 광열 (원)",기타주거관련서비스 (원),48103,49623
"전체 평균","04.주거 · 수도 · 광열 (원)",연료비 (원),85313,85689
"전체 평균","05.가정용품 · 가사서비스 (원)",소계,112030,117115
"전체 평균","05.가정용품 · 가사서비스 (원)",가구및조명 (원),20953,19540
"전체 평균","05.가정용품 · 가사서비스 (원)",실내장식 (원),1743,1849
"전체 평균","05.가정용품 · 가사서비스 (원)",가구·조명및장식서비스 (원),166,147
"전체 평균","05.가정용품 · 가사서비스 (원)",가정용섬유 (원),8463,9121
"전체 평균","05.가정용품 · 가사서비스 (원)",가전및가정용기기 (원),37747,41411
"전체 평균","05.가정용품 · 가사서비스 (원)",가전관련서비스 (원),7441,9106
"전체 평균","05.가정용품 · 가사서비스 (원)",가사용품 (원),8542,8902
"전체 평균","05.가정용품 · 가사서비스 (원)",가정용공구및기타 (원),6528,5762
"전체 평균","05.가정용품 · 가사서비스 (원)",가사소모품 (원),12564,12777
"전체 평균","05.가정용품 · 가사서비스 (원)",가사서비스 (원),7884,8501
"전체 평균","06.보건 (원)",소계,181796,191120
"전체 평균","06.보건 (원)",의약품 (원),49029,53353
"전체 평균","06.보건 (원)",의료용소모품 (원),5819,5960
"전체 평균","06.보건 (원)",보건의료용품및기구 (원),8136,8643
"전체 평균","06.보건 (원)",외래의료서비스 (원),57423,61479
"전체 평균","06.보건 (원)",치과서비스 (원),30368,28830
"전체 평균","06.보건 (원)",기타의료서비스 (원),1614,1913
"전체 평균","06.보건 (원)",입원서비스 (원),29408,30942
"전체 평균","07.교통 (원)",소계,369150,348808
"전체 평균","07.교통 (원)",자동차구입 (원),164425,139850
"전체 평균","07.교통 (원)",기타운송기구구입 (원),1379,971
"전체 평균","07.교통 (원)",운송기구유지및수리 (원),23497,25526
"전체 평균","07.교통 (원)",운송기구연료비 (원),103526,107329
"전체 평균","07.교통 (원)",기타개인교통서비스 (원),11836,11795
"전체 평균","07.교통 (원)",철도운송 (원),6674,6679
"전체 평균","07.교통 (원)",육상운송 (원),21317,21655
"전체 평균","07.교통 (원)",기타운송 (원),29863,29841
"전체 평균","07.교통 (원)",기타교통관련서비스 (원),6633,5162
"전체 평균","08.통신 (원)",소계,137838,134107
"전체 평균","08.통신 (원)",우편서비스 (원),368,270
"전체 평균","08.통신 (원)",통신장비 (원),31943,35223
"전체 평균","08.통신 (원)",통신서비스 (원),105527,98614
"전체 평균","09.오락 · 문화 (원)",소계,174693,191772
"전체 평균","09.오락 · 문화 (원)",영상음향기기 (원),6937,6382
"전체 평균","09.오락 · 문화 (원)",사진광학장비 (원),801,746
"전체 평균","09.오락 · 문화 (원)",정보처리장치 (원),8225,7072
"전체 평균","09.오락 · 문화 (원)",기록매체 (원),584,489
"전체 평균","09.오락 · 문화 (원)",영상음향및정보기기수리 (원),802,726
"전체 평균","09.오락 · 문화 (원)",오락문화내구재 (원),1022,1044
"전체 평균","09.오락 · 문화 (원)",악기기구 (원),910,988
"전체 평균","09.오락 · 문화 (원)",오락문화내구재유지및수리 (원),104,64
"전체 평균","09.오락 · 문화 (원)",장난감및취미용품 (원),7487,7246
"전체 평균","09.오락 · 문화 (원)",캠핑및운동관련용품 (원),5710,6101
"전체 평균","09.오락 · 문화 (원)",화훼관련용품 (원),4133,4600
"전체 평균","09.오락 · 문화 (원)",애완동물관련물품 (원),4901,5178
"전체 평균","09.오락 · 문화 (원)",화훼및애완동물서비스 (원),2730,3155
"전체 평균","09.오락 · 문화 (원)",운동및오락서비스 (원),21485,24449
"전체 평균","09.오락 · 문화 (원)",문화서비스 (원),33248,37171
"전체 평균","09.오락 · 문화 (원)",복권 (원),517,545
"전체 평균","09.오락 · 문화 (원)",서적 (원),12157,12054
"전체 평균","09.오락 · 문화 (원)",기타인쇄물 (원),1400,1151
"전체 평균","09.오락 · 문화 (원)",문구 (원),3431,3377
"전체 평균","09.오락 · 문화 (원)",단체여행비 (원),58109,69234
"전체 평균","10.교육 (원)",소계,188343,173372
"전체 평균","10.교육 (원)",정규교육 (원),72022,61650
"전체 평균","10.교육 (원)",　초등교육 (원),6428,6394
"전체 평균","10.교육 (원)",　중등교육 (원),9485,7909
"전체 평균","10.교육 (원)",　고등교육 (원),56109,47347
"전체 평균","10.교육 (원)",학원및보습교육 (원),108725,104437
"전체 평균","10.교육 (원)",　학생학원교육 (원),101593,98244
"전체 평균","10.교육 (원)",　성인학원교육 (원),7133,6193
"전체 평균","10.교육 (원)",기타교육 (원),7595,7285
"전체 평균","11.음식 · 숙박 (원)",소계,354158,349699
"전체 평균","11.음식 · 숙박 (원)",식사비 (원),341002,336133
"전체 평균","11.음식 · 숙박 (원)",숙박비 (원),13156,13566
"전체 평균","12.기타상품 · 서비스 (원)",소계,201712,192282
"전체 평균","12.기타상품 · 서비스 (원)",이미용서비스 (원),34196,35843
"전체 평균","12.기타상품 · 서비스 (원)",이미용기기 (원),1063,1693
"전체 평균","12.기타상품 · 서비스 (원)",위생및이미용용품 (원),43854,42967
"전체 평균","12.기타상품 · 서비스 (원)",시계및장신구 (원),3377,3427
"전체 평균","12.기타상품 · 서비스 (원)",기타개인용품 (원),17646,15122
"전체 평균","12.기타상품 · 서비스 (원)",복지시설 (원),7524,8001
"전체 평균","12.기타상품 · 서비스 (원)",보험 (원),62148,57629
"전체 평균","12.기타상품 · 서비스 (원)",기타금융 (원),223,505
"전체 평균","12.기타상품 · 서비스 (원)",기타서비스 (원),31681,27094
"전체 평균","비소비지출 (원)",소계,759319,789123
"전체 평균","비소비지출 (원)",경상조세 (원),141142,146784
"전체 평균","비소비지출 (원)",비경상조세 (원),9699,7631
"전체 평균","비소비지출 (원)",연금 (원),115274,118333
"전체 평균","비소비지출 (원)",사회보험 (원),119792,127264
"전체 평균","비소비지출 (원)",이자비용 (원),67631,76209
"전체 평균","비소비지출 (원)",가구간이전지출 (원),221353,227988
"전체 평균","비소비지출 (원)",비영리단체로이전 (원),84427,84914
"39세이하가구","가계지출 (원)",소계,3116429,3078632
"39세이하가구","소비지출 (원)",소계,2503232,2445925
"39세이하가구","01.식료품 · 비주류음료 (원)",소계,268508,261315
"39세이하가구","01.식료품 · 비주류음료 (원)",곡물 (원),6535,7568
"39세이하가구","01.식료품 · 비주류음료 (원)",곡물가공품 (원),13867,14130
"39세이하가구","01.식료품 · 비주류음료 (원)",빵및떡류 (원),24357,24213
"39세이하가구","01.식료품 · 비주류음료 (원)",육류 (원),33685,32457
"39세이하가구","01.식료품 · 비주류음료 (원)",육류가공품 (원),11823,10663
"39세이하가구","01.식료품 · 비주류음료 (원)",신선수산동물 (원),9486,8410
"39세이하가구","01.식료품 · 비주류음료 (원)",염건수산동물 (원),3586,3339
"39세이하가구","01.식료품 · 비주류음료 (원)",기타수산동물가공 (원),5694,5036
"39세이하가구","01.식료품 · 비주류음료 (원)",유제품및알 (원),27000,26331
"39세이하가구","01.식료품 · 비주류음료 (원)",유지류 (원),1495,1659
"39세이하가구","01.식료품 · 비주류음료 (원)",과일및과일가공품 (원),28348,26080
"39세이하가구","01.식료품 · 비주류음료 (원)",채소및채소가공품 (원),18813,17300
"39세이하가구","01.식료품 · 비주류음료 (원)",해조및해조가공품 (원),2649,2328
"39세이하가구","01.식료품 · 비주류음료 (원)",당류및과자류 (원),29743,29576
"39세이하가구","01.식료품 · 비주류음료 (원)",조미식품 (원),5783,5283
"39세이하가구","01.식료품 · 비주류음료 (원)",기타식품 (원),20377,21941
"39세이하가구","01.식료품 · 비주류음료 (원)",커피및차 (원),8744,8372
"39세이하가구","01.식료품 · 비주류음료 (원)",쥬스및기타음료 (원),16523,16629
"39세이하가구","02.주류 · 담배 (원)",소계,35547,37767
"39세이하가구","02.주류 · 담배 (원)",주류 (원),16982,17229
"39세이하가구","02.주류 · 담배 (원)",담배 (원),18565,20537
"39세이하가구","03.의류 · 신발 (원)",소계,165228,152908
"39세이하가구","03.의류 · 신발 (원)",직물및외의 (원),122646,110434
"39세이하가구","03.의류 · 신발 (원)",내의 (원),8637,8452
"39세이하가구","03.의류 · 신발 (원)",기타의복 (원),6964,6924
"39세이하가구","03.의류 · 신발 (원)",의복관련서비스 (원),4363,4107
"39세이하가구","03.의류 · 신발 (원)",신발 (원),22453,22871
"39세이하가구","03.의류 · 신발 (원)",신발서비스 (원),165,121
"39세이하가구","04.주거 · 수도 · 광열 (원)",소계,307223,314455
"39세이하가구","04.주거 · 수도 · 광열 (원)",실제주거비 (원),158459,163468
"39세이하가구","04.주거 · 수도 · 광열 (원)",주택유지및수선 (원),17535,19734
"39세이하가구","04.주거 · 수도 · 광열 (원)",상하수도및폐기물처리 (원),16922,17234
"39세이하가구","04.주거 · 수도 · 광열 (원)",기타주거관련서비스 (원),47030,47486
"39세이하가구","04.주거 · 수도 · 광열 (원)",연료비 (원),67277,66532
"39세이하가구","05.가정용품 · 가사서비스 (원)",소계,125294,129470
"39세이하가구","05.가정용품 · 가사서비스 (원)",가구및조명 (원),28878,27761
"39세이하가구","05.가정용품 · 가사서비스 (원)",실내장식 (원),2225,2268
"39세이하가구","05.가정용품 · 가사서비스 (원)",가구·조명및장식서비스 (원),95,152
"39세이하가구","05.가정용품 · 가사서비스 (원)",가정용섬유 (원),9486,8448
"39세이하가구","05.가정용품 · 가사서비스 (원)",가전및가정용기기 (원),42573,45467
"39세이하가구","05.가정용품 · 가사서비스 (원)",가전관련서비스 (원),6662,8505
"39세이하가구","05.가정용품 · 가사서비스 (원)",가사용품 (원),9434,8832
"39세이하가구","05.가정용품 · 가사서비스 (원)",가정용공구및기타 (원),5372,5442
"39세이하가구","05.가정용품 · 가사서비스 (원)",가사소모품 (원),12403,12691
"39세이하가구","05.가정용품 · 가사서비스 (원)",가사서비스 (원),8166,9904
"39세이하가구","06.보건 (원)",소계,126646,136484
"39세이하가구","06.보건 (원)",의약품 (원),30683,36524
"39세이하가구","06.보건 (원)",의료용소모품 (원),11488,11852
"39세이하가구","06.보건 (원)",보건의료용품및기구 (원),6655,6511
"39세이하가구","06.보건 (원)",외래의료서비스 (원),43182,49036
"39세이하가구","06.보건 (원)",치과서비스 (원),18798,13907
"39세이하가구","06.보건 (원)",기타의료서비스 (원),1363,2022
"39세이하가구","06.보건 (원)",입원서비스 (원),14478,16632
"39세이하가구","07.교통 (원)",소계,415975,360969
"39세이하가구","07.교통 (원)",자동차구입 (원),204812,153688
"39세이하가구","07.교통 (원)",기타운송기구구입 (원),1778,1213
"39세이하가구","07.교통 (원)",운송기구유지및수리 (원),25024,25129
"39세이하가구","07.교통 (원)",운송기구연료비 (원),96660,93583
"39세이하가구","07.교통 (원)",기타개인교통서비스 (원),15453,15045
"39세이하가구","07.교통 (원)",철도운송 (원),9803,9364
"39세이하가구","07.교통 (원)",육상운송 (원),24108,24978
"39세이하가구","07.교통 (원)",기타운송 (원),31939,31719
"39세이하가구","07.교통 (원)",기타교통관련서비스 (원),6399,6251
"39세이하가구","08.통신 (원)",소계,132297,131232
"39세이하가구","08.통신 (원)",우편서비스 (원),332,196
"39세이하가구","08.통신 (원)",통신장비 (원),31449,36236
"39세이하가구","08.통신 (원)",통신서비스 (원),100516,94800
"39세이하가구","09.오락 · 문화 (원)",소계,196596,213271
"39세이하가구","09.오락 · 문화 (원)",영상음향기기 (원),7389,8107
"39세이하가구","09.오락 · 문화 (원)",사진광학장비 (원),1327,1661
"39세이하가구","09.오락 · 문화 (원)",정보처리장치 (원),11045,10415
"39세이하가구","09.오락 · 문화 (원)",기록매체 (원),1263,799
"39세이하가구","09.오락 · 문화 (원)",영상음향및정보기기수리 (원),620,331
"39세이하가구","09.오락 · 문화 (원)",오락문화내구재 (원),1889,1429
"39세이하가구","09.오락 · 문화 (원)",악기기구 (원),1134,1440
"39세이하가구","09.오락 · 문화 (원)",오락문화내구재유지및수리 (원),162,76
"39세이하가구","09.오락 · 문화 (원)",장난감및취미용품 (원),15529,13686
"39세이하가구","09.오락 · 문화 (원)",캠핑및운동관련용품 (원),6365,4837
"39세이하가구","09.오락 · 문화 (원)",화훼관련용품 (원),2769,3437
"39세이하가구","09.오락 · 문화 (원)",애완동물관련물품 (원),5623,7652
"39세이하가구","09.오락 · 문화 (원)",화훼및애완동물서비스 (원),3211,4592
"39세이하가구","09.오락 · 문화 (원)",운동및오락서비스 (원),23818,25780
"39세이하가구","09.오락 · 문화 (원)",문화서비스 (원),36430,42647
"39세이하가구","09.오락 · 문화 (원)",복권 (원),578,528
"39세이하가구","09.오락 · 문화 (원)",서적 (원),14110,14617
"39세이하가구","09.오락 · 문화 (원)",기타인쇄물 (원),1020,263
"39세이하가구","09.오락 · 문화 (원)",문구 (원),4417,3892
"39세이하가구","09.오락 · 문화 (원)",단체여행비 (원),57896,67081
"39세이하가구","10.교육 (원)",소계,135204,105889
"39세이하가구","10.교육 (원)",정규교육 (원),51700,33262
"39세이하가구","10.교육 (원)",　초등교육 (원),14404,12048
"39세이하가구","10.교육 (원)",　중등교육 (원),619,548
"39세이하가구","10.교육 (원)",　고등교육 (원),36676,20666
"39세이하가구","10.교육 (원)",학원및보습교육 (원),77398,66337
"39세이하가구","10.교육 (원)",　학생학원교육 (원),69906,59897
"39세이하가구","10.교육 (원)",　성인학원교육 (원),7492,6440
"39세이하가구","10.교육 (원)",기타교육 (원),6106,6289
"39세이하가구","11.음식 · 숙박 (원)",소계,395501,401224
"39세이하가구","11.음식 · 숙박 (원)",식사비 (원),380978,386127
"39세이하가구","11.음식 · 숙박 (원)",숙박비 (원),14522,15097
"39세이하가구","12.기타상품 · 서비스 (원)",소계,199213,200942
"39세이하가구","12.기타상품 · 서비스 (원)",이미용서비스 (원),29858,31703
"39세이하가구","12.기타상품 · 서비스 (원)",이미용기기 (원),1134,2157
"39세이하가구","12.기타상품 · 서비스 (원)",위생및이미용용품 (원),49171,48297
"39세이하가구","12.기타상품 · 서비스 (원)",시계및장신구 (원),4872,4529
"39세이하가구","12.기타상품 · 서비스 (원)",기타개인용품 (원),20429,19287
"39세이하가구","12.기타상품 · 서비스 (원)",복지시설 (원),16682,19316
"39세이하가구","12.기타상품 · 서비스 (원)",보험 (원),48916,43820
"39세이하가구","12.기타상품 · 서비스 (원)",기타금융 (원),228,301
"39세이하가구","12.기타상품 · 서비스 (원)",기타서비스 (원),27924,31532
"39세이하가구","비소비지출 (원)",소계,613196,632707
"39세이하가구","비소비지출 (원)",경상조세 (원),121061,116760
"39세이하가구","비소비지출 (원)",비경상조세 (원),8025,5879
"39세이하가구","비소비지출 (원)",연금 (원),123989,121839
"39세이하가구","비소비지출 (원)",사회보험 (원),113580,114933
"39세이하가구","비소비지출 (원)",이자비용 (원),66195,76860
"39세이하가구","비소비지출 (원)",가구간이전지출 (원),138691,149805
"39세이하가구","비소비지출 (원)",비영리단체로이전 (원),41655,46631
"40~49세가구","가계지출 (원)",소계,4142327,4231157
"40~49세가구","소비지출 (원)",소계,3167551,3193356
"40~49세가구","01.식료품 · 비주류음료 (원)",소계,395978,402601
"40~49세가구","01.식료품 · 비주류음료 (원)",곡물 (원),13753,15287
"40~49세가구","01.식료품 · 비주류음료 (원)",곡물가공품 (원),19033,20293
"40~49세가구","01.식료품 · 비주류음료 (원)",빵및떡류 (원),29107,30185
"40~49세가구","01.식료품 · 비주류음료 (원)",육류 (원),60404,60741
"40~49세가구","01.식료품 · 비주류음료 (원)",육류가공품 (원),17213,16595
"40~49세가구","01.식료품 · 비주류음료 (원)",신선수산동물 (원),18159,18861
"40~49세가구","01.식료품 · 비주류음료 (원)",염건수산동물 (원),6674,6641
"40~49세가구","01.식료품 · 비주류음료 (원)",기타수산동물가공 (원),9507,8513
"40~49세가구","01.식료품 · 비주류음료 (원)",유제품및알 (원),33792,31971
"40~49세가구","01.식료품 · 비주류음료 (원)",유지류 (원),2727,3019
"40~49세가구","01.식료품 · 비주류음료 (원)",과일및과일가공품 (원),47460,48510
"40~49세가구","01.식료품 · 비주류음료 (원)",채소및채소가공품 (원),34591,32650
"40~49세가구","01.식료품 · 비주류음료 (원)",해조및해조가공품 (원),4542,4837
"40~49세가구","01.식료품 · 비주류음료 (원)",당류및과자류 (원),36317,37167
"40~49세가구","01.식료품 · 비주류음료 (원)",조미식품 (원),10743,10954
"40~49세가구","01.식료품 · 비주류음료 (원)",기타식품 (원),24465,28023
"40~49세가구","01.식료품 · 비주류음료 (원)",커피및차 (원),10066,10085
"40~49세가구","01.식료품 · 비주류음료 (원)",쥬스및기타음료 (원),17426,18267
"40~49세가구","02.주류 · 담배 (원)",소계,41513,40991
"40~49세가구","02.주류 · 담배 (원)",주류 (원),18353,18446
"40~49세가구","02.주류 · 담배 (원)",담배 (원),23159,22545
"40~49세가구","03.의류 · 신발 (원)",소계,202187,201677
"40~49세가구","03.의류 · 신발 (원)",직물및외의 (원),149158,147164
"40~49세가구","03.의류 · 신발 (원)",내의 (원),10647,10684
"40~49세가구","03.의류 · 신발 (원)",기타의복 (원),7956,7337
"40~49세가구","03.의류 · 신발 (원)",의복관련서비스 (원),5784,6165
"40~49세가구","03.의류 · 신발 (원)",신발 (원),28296,30013
"40~49세가구","03.의류 · 신발 (원)",신발서비스 (원),346,315
"40~49세가구","04.주거 · 수도 · 광열 (원)",소계,307858,312439
"40~49세가구","04.주거 · 수도 · 광열 (원)",실제주거비 (원),110486,114879
"40~49세가구","04.주거 · 수도 · 광열 (원)",주택유지및수선 (원),22813,19638
"40~49세가구","04.주거 · 수도 · 광열 (원)",상하수도및폐기물처리 (원),23310,24326
"40~49세가구","04.주거 · 수도 · 광열 (원)",기타주거관련서비스 (원),59311,63470
"40~49세가구","04.주거 · 수도 · 광열 (원)",연료비 (원),91939,90125
"40~49세가구","05.가정용품 · 가사서비스 (원)",소계,129830,140002
"40~49세가구","05.가정용품 · 가사서비스 (원)",가구및조명 (원),25745,23830
"40~49세가구","05.가정용품 · 가사서비스 (원)",실내장식 (원),1914,2286
"40~49세가구","05.가정용품 · 가사서비스 (원)",가구·조명및장식서비스 (원),250,245
"40~49세가구","05.가정용품 · 가사서비스 (원)",가정용섬유 (원),9533,10477
"40~49세가구","05.가정용품 · 가사서비스 (원)",가전및가정용기기 (원),44140,49424
"40~49세가구","05.가정용품 · 가사서비스 (원)",가전관련서비스 (원),10839,11755
"40~49세가구","05.가정용품 · 가사서비스 (원)",가사용품 (원),9016,10431
"40~49세가구","05.가정용품 · 가사서비스 (원)",가정용공구및기타 (원),7805,6386
"40~49세가구","05.가정용품 · 가사서비스 (원)",가사소모품 (원),14923,15324
"40~49세가구","05.가정용품 · 가사서비스 (원)",가사서비스 (원),5664,9844
"40~49세가구","06.보건 (원)",소계,182493,194367
"40~49세가구","06.보건 (원)",의약품 (원),48211,52880
"40~49세가구","06.보건 (원)",의료용소모품 (원),6675,7401
"40~49세가구","06.보건 (원)",보건의료용품및기구 (원),11278,11217
"40~49세가구","06.보건 (원)",외래의료서비스 (원),57462,60340
"40~49세가구","06.보건 (원)",치과서비스 (원),36747,29654
"40~49세가구","06.보건 (원)",기타의료서비스 (원),2688,2084
"40~49세가구","06.보건 (원)",입원서비스 (원),19431,30792
"40~49세가구","07.교통 (원)",소계,450370,432719
"40~49세가구","07.교통 (원)",자동차구입 (원),208639,183610
"40~49세가구","07.교통 (원)",기타운송기구구입 (원),2261,1245
"40~49세가구","07.교통 (원)",운송기구유지및수리 (원),27856,28933
"40~49세가구","07.교통 (원)",운송기구연료비 (원),127984,136965
"40~49세가구","07.교통 (원)",기타개인교통서비스 (원),14451,16072
"40~49세가구","07.교통 (원)",철도운송 (원),6906,7869
"40~49세가구","07.교통 (원)",육상운송 (원),20393,21548
"40~49세가구","07.교통 (원)",기타운송 (원),31864,29891
"40~49세가구","07.교통 (원)",기타교통관련서비스 (원),10017,6587
"40~49세가구","08.통신 (원)",소계,169180,163492
"40~49세가구","08.통신 (원)",우편서비스 (원),311,292
"40~49세가구","08.통신 (원)",통신장비 (원),41338,45134
"40~49세가구","08.통신 (원)",통신서비스 (원),127530,118066
"40~49세가구","09.오락 · 문화 (원)",소계,217132,246405
"40~49세가구","09.오락 · 문화 (원)",영상음향기기 (원),7558,6736
"40~49세가구","09.오락 · 문화 (원)",사진광학장비 (원),742,256
"40~49세가구","09.오락 · 문화 (원)",정보처리장치 (원),11087,10527
"40~49세가구","09.오락 · 문화 (원)",기록매체 (원),493,510
"40~49세가구","09.오락 · 문화 (원)",영상음향및정보기기수리 (원),1078,766
"40~49세가구","09.오락 · 문화 (원)",오락문화내구재 (원),934,1799
"40~49세가구","09.오락 · 문화 (원)",악기기구 (원),1531,1762
"40~49세가구","09.오락 · 문화 (원)",오락문화내구재유지및수리 (원),212,117
"40~49세가구","09.오락 · 문화 (원)",장난감및취미용품 (원),10163,10344
"40~49세가구","09.오락 · 문화 (원)",캠핑및운동관련용품 (원),9188,12163
"40~49세가구","09.오락 · 문화 (원)",화훼관련용품 (원),3901,4194
"40~49세가구","09.오락 · 문화 (원)",애완동물관련물품 (원),6592,5455
"40~49세가구","09.오락 · 문화 (원)",화훼및애완동물서비스 (원),3999,3416
"40~49세가구","09.오락 · 문화 (원)",운동및오락서비스 (원),27489,33709
"40~49세가구","09.오락 · 문화 (원)",문화서비스 (원),39781,39812
"40~49세가구","09.오락 · 문화 (원)",복권 (원),717,814
"40~49세가구","09.오락 · 문화 (원)",서적 (원),23315,23705
"40~49세가구","09.오락 · 문화 (원)",기타인쇄물 (원),1018,1211
"40~49세가구","09.오락 · 문화 (원)",문구 (원),5898,6101
"40~49세가구","09.오락 · 문화 (원)",단체여행비 (원),61435,83009
"40~49세가구","10.교육 (원)",소계,394717,399665
"40~49세가구","10.교육 (원)",정규교육 (원),88835,82215
"40~49세가구","10.교육 (원)",　초등교육 (원),12469,14822
"40~49세가구","10.교육 (원)",　중등교육 (원),24491,21756
"40~49세가구","10.교육 (원)",　고등교육 (원),51875,45637
"40~49세가구","10.교육 (원)",학원및보습교육 (원),285389,296061
"40~49세가구","10.교육 (원)",　학생학원교육 (원),277332,288547
"40~49세가구","10.교육 (원)",　성인학원교육 (원),8057,7514
"40~49세가구","10.교육 (원)",기타교육 (원),20493,21389
"40~49세가구","11.음식 · 숙박 (원)",소계,444451,442343
"40~49세가구","11.음식 · 숙박 (원)",식사비 (원),424668,421861
"40~49세가구","11.음식 · 숙박 (원)",숙박비 (원),19784,20482
"40~49세가구","12.기타상품 · 서비스 (원)",소계,231842,216656
"40~49세가구","12.기타상품 · 서비스 (원)",이미용서비스 (원),38335,39488
"40~49세가구","12.기타상품 · 서비스 (원)",이미용기기 (원),1816,1956
"40~49세가구","12.기타상품 · 서비스 (원)",위생및이미용용품 (원),53966,50084
"40~49세가구","12.기타상품 · 서비스 (원)",시계및장신구 (원),4182,4861
"40~49세가구","12.기타상품 · 서비스 (원)",기타개인용품 (원),18841,15814
"40~49세가구","12.기타상품 · 서비스 (원)",복지시설 (원),6912,8281
"40~49세가구","12.기타상품 · 서비스 (원)",보험 (원),83565,74362
"40~49세가구","12.기타상품 · 서비스 (원)",기타금융 (원),342,566
"40~49세가구","12.기타상품 · 서비스 (원)",기타서비스 (원),23883,21244
"40~49세가구","비소비지출 (원)",소계,974776,1037802
"40~49세가구","비소비지출 (원)",경상조세 (원),197928,214438
"40~49세가구","비소비지출 (원)",비경상조세 (원),11077,8324
"40~49세가구","비소비지출 (원)",연금 (원),159836,165703
"40~49세가구","비소비지출 (원)",사회보험 (원),155615,166963
"40~49세가구","비소비지출 (원)",이자비용 (원),100278,111717
"40~49세가구","비소비지출 (원)",가구간이전지출 (원),259067,278328
"40~49세가구","비소비지출 (원)",비영리단체로이전 (원),90976,92329
"50~59세가구","가계지출 (원)",소계,3992242,3974838
"50~59세가구","소비지출 (원)",소계,2957919,2899370
"50~59세가구","01.식료품 · 비주류음료 (원)",소계,396021,407618
"50~59세가구","01.식료품 · 비주류음료 (원)",곡물 (원),17771,22596
"50~59세가구","01.식료품 · 비주류음료 (원)",곡물가공품 (원),17876,18790
"50~59세가구","01.식료품 · 비주류음료 (원)",빵및떡류 (원),23631,24787
"50~59세가구","01.식료품 · 비주류음료 (원)",육류 (원),65440,68746
"50~59세가구","01.식료품 · 비주류음료 (원)",육류가공품 (원),11071,13658
"50~59세가구","01.식료품 · 비주류음료 (원)",신선수산동물 (원),25437,25288
"50~59세가구","01.식료품 · 비주류음료 (원)",염건수산동물 (원),9648,8631
"50~59세가구","01.식료품 · 비주류음료 (원)",기타수산동물가공 (원),8391,7620
"50~59세가구","01.식료품 · 비주류음료 (원)",유제품및알 (원),27353,26109
"50~59세가구","01.식료품 · 비주류음료 (원)",유지류 (원),3742,3036
"50~59세가구","01.식료품 · 비주류음료 (원)",과일및과일가공품 (원),54103,53535
"50~59세가구","01.식료품 · 비주류음료 (원)",채소및채소가공품 (원),46643,45564
"50~59세가구","01.식료품 · 비주류음료 (원)",해조및해조가공품 (원),4958,4660
"50~59세가구","01.식료품 · 비주류음료 (원)",당류및과자류 (원),24637,24182
"50~59세가구","01.식료품 · 비주류음료 (원)",조미식품 (원),14099,15010
"50~59세가구","01.식료품 · 비주류음료 (원)",기타식품 (원),18067,20574
"50~59세가구","01.식료품 · 비주류음료 (원)",커피및차 (원),9014,9734
"50~59세가구","01.식료품 · 비주류음료 (원)",쥬스및기타음료 (원),14141,15098
"50~59세가구","02.주류 · 담배 (원)",소계,40153,40670
"50~59세가구","02.주류 · 담배 (원)",주류 (원),16427,16049
"50~59세가구","02.주류 · 담배 (원)",담배 (원),23726,24622
"50~59세가구","03.의류 · 신발 (원)",소계,188637,177282
"50~59세가구","03.의류 · 신발 (원)",직물및외의 (원),137287,131663
"50~59세가구","03.의류 · 신발 (원)",내의 (원),10390,9395
"50~59세가구","03.의류 · 신발 (원)",기타의복 (원),8180,6354
"50~59세가구","03.의류 · 신발 (원)",의복관련서비스 (원),6187,5190
"50~59세가구","03.의류 · 신발 (원)",신발 (원),26237,24377
"50~59세가구","03.의류 · 신발 (원)",신발서비스 (원),357,302
"50~59세가구","04.주거 · 수도 · 광열 (원)",소계,294119,289707
"50~59세가구","04.주거 · 수도 · 광열 (원)",실제주거비 (원),96847,93655
"50~59세가구","04.주거 · 수도 · 광열 (원)",주택유지및수선 (원),28798,24867
"50~59세가구","04.주거 · 수도 · 광열 (원)",상하수도및폐기물처리 (원),22618,23001
"50~59세가구","04.주거 · 수도 · 광열 (원)",기타주거관련서비스 (원),50948,51751
"50~59세가구","04.주거 · 수도 · 광열 (원)",연료비 (원),94910,96433
"50~59세가구","05.가정용품 · 가사서비스 (원)",소계,119793,119025
"50~59세가구","05.가정용품 · 가사서비스 (원)",가구및조명 (원),20401,17533
"50~59세가구","05.가정용품 · 가사서비스 (원)",실내장식 (원),1777,1921
"50~59세가구","05.가정용품 · 가사서비스 (원)",가구·조명및장식서비스 (원),222,143
"50~59세가구","05.가정용품 · 가사서비스 (원)",가정용섬유 (원),10389,10935
"50~59세가구","05.가정용품 · 가사서비스 (원)",가전및가정용기기 (원),39679,41812
"50~59세가구","05.가정용품 · 가사서비스 (원)",가전관련서비스 (원),8409,10323
"50~59세가구","05.가정용품 · 가사서비스 (원)",가사용품 (원),10153,9949
"50~59세가구","05.가정용품 · 가사서비스 (원)",가정용공구및기타 (원),7666,6496
"50~59세가구","05.가정용품 · 가사서비스 (원)",가사소모품 (원),13696,14331
"50~59세가구","05.가정용품 · 가사서비스 (원)",가사서비스 (원),7402,5583
"50~59세가구","06.보건 (원)",소계,208585,203271
"50~59세가구","06.보건 (원)",의약품 (원),51456,55842
"50~59세가구","06.보건 (원)",의료용소모품 (원),3935,4005
"50~59세가구","06.보건 (원)",보건의료용품및기구 (원),8870,11110
"50~59세가구","06.보건 (원)",외래의료서비스 (원),64014,68640
"50~59세가구","06.보건 (원)",치과서비스 (원),34471,30614
"50~59세가구","06.보건 (원)",기타의료서비스 (원),1364,1867
"50~59세가구","06.보건 (원)",입원서비스 (원),44477,31192
"50~59세가구","07.교통 (원)",소계,434326,426419
"50~59세가구","07.교통 (원)",자동차구입 (원),188388,175984
"50~59세가구","07.교통 (원)",기타운송기구구입 (원),746,453
"50~59세가구","07.교통 (원)",운송기구유지및수리 (원),25145,30665
"50~59세가구","07.교통 (원)",운송기구연료비 (원),130967,134378
"50~59세가구","07.교통 (원)",기타개인교통서비스 (원),13742,13016
"50~59세가구","07.교통 (원)",철도운송 (원),6888,6035
"50~59세가구","07.교통 (원)",육상운송 (원),23687,22191
"50~59세가구","07.교통 (원)",기타운송 (원),38754,39210
"50~59세가구","07.교통 (원)",기타교통관련서비스 (원),6007,4488
"50~59세가구","08.통신 (원)",소계,173610,168949
"50~59세가구","08.통신 (원)",우편서비스 (원),549,316
"50~59세가구","08.통신 (원)",통신장비 (원),40515,46270
"50~59세가구","08.통신 (원)",통신서비스 (원),132546,122362
"50~59세가구","09.오락 · 문화 (원)",소계,199988,214894
"50~59세가구","09.오락 · 문화 (원)",영상음향기기 (원),8084,6161
"50~59세가구","09.오락 · 문화 (원)",사진광학장비 (원),956,525
"50~59세가구","09.오락 · 문화 (원)",정보처리장치 (원),9884,6671
"50~59세가구","09.오락 · 문화 (원)",기록매체 (원),565,687
"50~59세가구","09.오락 · 문화 (원)",영상음향및정보기기수리 (원),921,1425
"50~59세가구","09.오락 · 문화 (원)",오락문화내구재 (원),1252,510
"50~59세가구","09.오락 · 문화 (원)",악기기구 (원),826,730
"50~59세가구","09.오락 · 문화 (원)",오락문화내구재유지및수리 (원),56,71
"50~59세가구","09.오락 · 문화 (원)",장난감및취미용품 (원),3172,3332
"50~59세가구","09.오락 · 문화 (원)",캠핑및운동관련용품 (원),5840,6107
"50~59세가구","09.오락 · 문화 (원)",화훼관련용품 (원),5142,5101
"50~59세가구","09.오락 · 문화 (원)",애완동물관련물품 (원),5026,5788
"50~59세가구","09.오락 · 문화 (원)",화훼및애완동물서비스 (원),2759,4191
"50~59세가구","09.오락 · 문화 (원)",운동및오락서비스 (원),27217,28783
"50~59세가구","09.오락 · 문화 (원)",문화서비스 (원),38204,44998
"50~59세가구","09.오락 · 문화 (원)",복권 (원),549,615
"50~59세가구","09.오락 · 문화 (원)",서적 (원),10809,10022
"50~59세가구","09.오락 · 문화 (원)",기타인쇄물 (원),1520,1334
"50~59세가구","09.오락 · 문화 (원)",문구 (원),2717,2757
"50~59세가구","09.오락 · 문화 (원)",단체여행비 (원),74488,85086
"50~59세가구","10.교육 (원)",소계,236386,213148
"50~59세가구","10.교육 (원)",정규교육 (원),150203,129309
"50~59세가구","10.교육 (원)",　초등교육 (원),615,330
"50~59세가구","10.교육 (원)",　중등교육 (원),14420,11468
"50~59세가구","10.교육 (원)",　고등교육 (원),135167,117511
"50~59세가구","10.교육 (원)",학원및보습교육 (원),82098,80567
"50~59세가구","10.교육 (원)",　학생학원교육 (원),72350,72397
"50~59세가구","10.교육 (원)",　성인학원교육 (원),9749,8169
"50~59세가구","10.교육 (원)",기타교육 (원),4085,3272
"50~59세가구","11.음식 · 숙박 (원)",소계,417685,406700
"50~59세가구","11.음식 · 숙박 (원)",식사비 (원),400364,389761
"50~59세가구","11.음식 · 숙박 (원)",숙박비 (원),17321,16939
"50~59세가구","12.기타상품 · 서비스 (원)",소계,248616,231687
"50~59세가구","12.기타상품 · 서비스 (원)",이미용서비스 (원),39048,40814
"50~59세가구","12.기타상품 · 서비스 (원)",이미용기기 (원),951,1334
"50~59세가구","12.기타상품 · 서비스 (원)",위생및이미용용품 (원),51109,50925
"50~59세가구","12.기타상품 · 서비스 (원)",시계및장신구 (원),4020,3781
"50~59세가구","12.기타상품 · 서비스 (원)",기타개인용품 (원),21374,18474
"50~59세가구","12.기타상품 · 서비스 (원)",복지시설 (원),4490,3430
"50~59세가구","12.기타상품 · 서비스 (원)",보험 (원),85902,80243
"50~59세가구","12.기타상품 · 서비스 (원)",기타금융 (원),233,253
"50~59세가구","12.기타상품 · 서비스 (원)",기타서비스 (원),41489,32433
"50~59세가구","비소비지출 (원)",소계,1034324,1075469
"50~59세가구","비소비지출 (원)",경상조세 (원),182684,196034
"50~59세가구","비소비지출 (원)",비경상조세 (원),14496,10212
"50~59세가구","비소비지출 (원)",연금 (원),156058,166643
"50~59세가구","비소비지출 (원)",사회보험 (원),149327,164428
"50~59세가구","비소비지출 (원)",이자비용 (원),79406,89605
"50~59세가구","비소비지출 (원)",가구간이전지출 (원),333980,333379
"50~59세가구","비소비지출 (원)",비영리단체로이전 (원),118373,115167
"60세이상 가구","가계지출 (원)",소계,2301210,2369185
"60세이상 가구","소비지출 (원)",소계,1811071,1860028
"60세이상 가구","01.식료품 · 비주류음료 (원)",소계,377114,388518
"60세이상 가구","01.식료품 · 비주류음료 (원)",곡물 (원),24787,29663
"60세이상 가구","01.식료품 · 비주류음료 (원)",곡물가공품 (원),14840,15149
"60세이상 가구","01.식료품 · 비주류음료 (원)",빵및떡류 (원),15181,16562
"60세이상 가구","01.식료품 · 비주류음료 (원)",육류 (원),58842,58256
"60세이상 가구","01.식료품 · 비주류음료 (원)",육류가공품 (원),6003,7169
"60세이상 가구","01.식료품 · 비주류음료 (원)",신선수산동물 (원),35099,33877
"60세이상 가구","01.식료품 · 비주류음료 (원)",염건수산동물 (원),11542,10698
"60세이상 가구","01.식료품 · 비주류음료 (원)",기타수산동물가공 (원),7851,8106
"60세이상 가구","01.식료품 · 비주류음료 (원)",유제품및알 (원),22961,22632
"60세이상 가구","01.식료품 · 비주류음료 (원)",유지류 (원),3848,3739
"60세이상 가구","01.식료품 · 비주류음료 (원)",과일및과일가공품 (원),46542,50285
"60세이상 가구","01.식료품 · 비주류음료 (원)",채소및채소가공품 (원),58466,56307
"60세이상 가구","01.식료품 · 비주류음료 (원)",해조및해조가공품 (원),5523,5227
"60세이상 가구","01.식료품 · 비주류음료 (원)",당류및과자류 (원),16710,17107
"60세이상 가구","01.식료품 · 비주류음료 (원)",조미식품 (원),23096,25865
"60세이상 가구","01.식료품 · 비주류음료 (원)",기타식품 (원),11012,12200
"60세이상 가구","01.식료품 · 비주류음료 (원)",커피및차 (원),6487,6515
"60세이상 가구","01.식료품 · 비주류음료 (원)",쥬스및기타음료 (원),8326,9162
"60세이상 가구","02.주류 · 담배 (원)",소계,24829,24392
"60세이상 가구","02.주류 · 담배 (원)",주류 (원),10107,10358
"60세이상 가구","02.주류 · 담배 (원)",담배 (원),14722,14033
"60세이상 가구","03.의류 · 신발 (원)",소계,97361,97068
"60세이상 가구","03.의류 · 신발 (원)",직물및외의 (원),71152,70840
"60세이상 가구","03.의류 · 신발 (원)",내의 (원),5685,5829
"60세이상 가구","03.의류 · 신발 (원)",기타의복 (원),4823,4730
"60세이상 가구","03.의류 · 신발 (원)",의복관련서비스 (원),3386,2719
"60세이상 가구","03.의류 · 신발 (원)",신발 (원),12088,12755
"60세이상 가구","03.의류 · 신발 (원)",신발서비스 (원),226,196
"60세이상 가구","04.주거 · 수도 · 광열 (원)",소계,235874,241181
"60세이상 가구","04.주거 · 수도 · 광열 (원)",실제주거비 (원),63658,68119
"60세이상 가구","04.주거 · 수도 · 광열 (원)",주택유지및수선 (원),29784,26663
"60세이상 가구","04.주거 · 수도 · 광열 (원)",상하수도및폐기물처리 (원),17463,18081
"60세이상 가구","04.주거 · 수도 · 광열 (원)",기타주거관련서비스 (원),38107,39677
"60세이상 가구","04.주거 · 수도 · 광열 (원)",연료비 (원),86862,88641
"60세이상 가구","05.가정용품 · 가사서비스 (원)",소계,81681,90009
"60세이상 가구","05.가정용품 · 가사서비스 (원)",가구및조명 (원),11446,11844
"60세이상 가구","05.가정용품 · 가사서비스 (원)",실내장식 (원),1202,1168
"60세이상 가구","05.가정용품 · 가사서비스 (원)",가구·조명및장식서비스 (원),114,75
"60세이상 가구","05.가정용품 · 가사서비스 (원)",가정용섬유 (원),5292,7267
"60세이상 가구","05.가정용품 · 가사서비스 (원)",가전및가정용기기 (원),27484,32328
"60세이상 가구","05.가정용품 · 가사서비스 (원)",가전관련서비스 (원),4684,6729
"60세이상 가구","05.가정용품 · 가사서비스 (원)",가사용품 (원),6180,7057
"60세이상 가구","05.가정용품 · 가사서비스 (원)",가정용공구및기타 (원),5556,4993
"60세이상 가구","05.가정용품 · 가사서비스 (원)",가사소모품 (원),9981,9828
"60세이상 가구","05.가정용품 · 가사서비스 (원)",가사서비스 (원),9742,8719
"60세이상 가구","06.보건 (원)",소계,203538,220415
"60세이상 가구","06.보건 (원)",의약품 (원),62261,64391
"60세이상 가구","06.보건 (원)",의료용소모품 (원),2178,2011
"60세이상 가구","06.보건 (원)",보건의료용품및기구 (원),6321,6508
"60세이상 가구","06.보건 (원)",외래의료서비스 (원),63406,66138
"60세이상 가구","06.보건 (원)",치과서비스 (원),31381,38050
"60세이상 가구","06.보건 (원)",기타의료서비스 (원),1193,1744
"60세이상 가구","06.보건 (원)",입원서비스 (원),36798,41572
"60세이상 가구","07.교통 (원)",소계,217697,220248
"60세이상 가구","07.교통 (원)",자동차구입 (원),79394,70512
"60세이상 가구","07.교통 (원)",기타운송기구구입 (원),895,990
"60세이상 가구","07.교통 (원)",운송기구유지및수리 (원),17632,19455
"60세이상 가구","07.교통 (원)",운송기구연료비 (원),68287,75710
"60세이상 가구","07.교통 (원)",기타개인교통서비스 (원),5440,5364
"60세이상 가구","07.교통 (원)",철도운송 (원),3844,4307
"60세이상 가구","07.교통 (원)",육상운송 (원),17910,18835
"60세이상 가구","07.교통 (원)",기타운송 (원),19563,21236
"60세이상 가구","07.교통 (원)",기타교통관련서비스 (원),4733,3840
"60세이상 가구","08.통신 (원)",소계,89607,88569
"60세이상 가구","08.통신 (원)",우편서비스 (원),295,273
"60세이상 가구","08.통신 (원)",통신장비 (원),18283,18918
"60세이상 가구","08.통신 (원)",통신서비스 (원),71029,69378
"60세이상 가구","09.오락 · 문화 (원)",소계,104611,118859
"60세이상 가구","09.오락 · 문화 (원)",영상음향기기 (원),5185,5006
"60세이상 가구","09.오락 · 문화 (원)",사진광학장비 (원),304,582
"60세이상 가구","09.오락 · 문화 (원)",정보처리장치 (원),2471,2402
"60세이상 가구","09.오락 · 문화 (원)",기록매체 (원),131,90
"60세이상 가구","09.오락 · 문화 (원)",영상음향및정보기기수리 (원),640,459
"60세이상 가구","09.오락 · 문화 (원)",오락문화내구재 (원),219,624
"60세이상 가구","09.오락 · 문화 (원)",악기기구 (원),327,291
"60세이상 가구","09.오락 · 문화 (원)",오락문화내구재유지및수리 (원),13,11
"60세이상 가구","09.오락 · 문화 (원)",장난감및취미용품 (원),2521,3198
"60세이상 가구","09.오락 · 문화 (원)",캠핑및운동관련용품 (원),2429,2700
"60세이상 가구","09.오락 · 문화 (원)",화훼관련용품 (원),4583,5378
"60세이상 가구","09.오락 · 문화 (원)",애완동물관련물품 (원),2934,2661
"60세이상 가구","09.오락 · 문화 (원)",화훼및애완동물서비스 (원),1354,1100
"60세이상 가구","09.오락 · 문화 (원)",운동및오락서비스 (원),10451,13505
"60세이상 가구","09.오락 · 문화 (원)",문화서비스 (원),21760,25194
"60세이상 가구","09.오락 · 문화 (원)",복권 (원),290,310
"60세이상 가구","09.오락 · 문화 (원)",서적 (원),3162,3343
"60세이상 가구","09.오락 · 문화 (원)",기타인쇄물 (원),1896,1635
"60세이상 가구","09.오락 · 문화 (원)",문구 (원),1334,1514
"60세이상 가구","09.오락 · 문화 (원)",단체여행비 (원),42611,48857
"60세이상 가구","10.교육 (원)",소계,34245,31397
"60세이상 가구","10.교육 (원)",정규교육 (원),12636,16436
"60세이상 가구","10.교육 (원)",　초등교육 (원),142,759
"60세이상 가구","10.교육 (원)",　중등교육 (원),1093,782
"60세이상 가구","10.교육 (원)",　고등교육 (원),11401,14896
"60세이상 가구","10.교육 (원)",학원및보습교육 (원),19876,13963
"60세이상 가구","10.교육 (원)",　학생학원교육 (원),15832,10413
"60세이상 가구","10.교육 (원)",　성인학원교육 (원),4044,3550
"60세이상 가구","10.교육 (원)",기타교육 (원),1732,998
"60세이상 가구","11.음식 · 숙박 (원)",소계,201440,201168
"60세이상 가구","11.음식 · 숙박 (원)",식사비 (원),197770,196281
"60세이상 가구","11.음식 · 숙박 (원)",숙박비 (원),3670,4887
"60세이상 가구","12.기타상품 · 서비스 (원)",소계,143074,138205
"60세이상 가구","12.기타상품 · 서비스 (원)",이미용서비스 (원),30586,32531
"60세이상 가구","12.기타상품 · 서비스 (원)",이미용기기 (원),522,1432
"60세이상 가구","12.기타상품 · 서비스 (원)",위생및이미용용품 (원),26093,27794
"60세이상 가구","12.기타상품 · 서비스 (원)",시계및장신구 (원),1062,1304
"60세이상 가구","12.기타상품 · 서비스 (원)",기타개인용품 (원),11537,8944
"60세이상 가구","12.기타상품 · 서비스 (원)",복지시설 (원),3160,2821
"60세이상 가구","12.기타상품 · 서비스 (원)",보험 (원),37235,38693
"60세이상 가구","12.기타상품 · 서비스 (원)",기타금융 (원),119,808
"60세이상 가구","12.기타상품 · 서비스 (원)",기타서비스 (원),32761,23878
"60세이상 가구","비소비지출 (원)",소계,490139,509156
"60세이상 가구","비소비지출 (원)",경상조세 (원),80373,83146
"60세이상 가구","비소비지출 (원)",비경상조세 (원),6130,6472
"60세이상 가구","비소비지출 (원)",연금 (원),41617,44834
"60세이상 가구","비소비지출 (원)",사회보험 (원),73669,79644
"60세이상 가구","비소비지출 (원)",이자비용 (원),34379,40042
"60세이상 가구","비소비지출 (원)",가구간이전지출 (원),167830,169884
"60세이상 가구","비소비지출 (원)",비영리단체로이전 (원),86142,85136
